fno,0,1,2,3,4,5,6,7,8,9,10,11,12,13,14,15,16,17,18,19,20
0,1,2,0,2,3,1,2,2,3,3,1,5,2,2,2,0,3,1,0,1,3
1,2,1,2,2,0,2,0,1,2,2,2,2,0,0,1,4,2,1,3,1,1
2,0,0,0,1,0,0,0,1,0,2,0,0,1,1,1,2,0,0,0,0,0
3,0,1,2,2,2,3,1,1,0,2,1,0,0,3,0,4,3,1,2,2,4
4,0,0,0,0,0,0,0,0,0,0,0,0,0,0,0,0,0,0,0,0,0
5,1,1,7,1,3,5,6,4,2,6,7,1,3,5,7,7,4,4,2,4,3
6,0,0,0,0,1,1,0,0,0,0,1,0,0,0,0,0,0,0,0,1,0
7,2,0,0,1,1,0,0,0,0,3,0,0,0,1,0,1,1,0,0,1,0
8,3,2,8,2,3,2,3,0,1,1,2,4,2,4,3,3,3,4,2,3,3
9,1,2,7,3,4,0,3,3,2,5,5,6,3,2,6,3,3,3,2,1,3
10,4,9,1,5,4,5,4,6,6,2,3,6,5,6,5,6,4,4,6,6,7
11,1,1,2,1,0,1,2,3,1,0,1,1,0,0,0,1,3,2,0,1,1
12,1,3,2,1,2,1,0,3,0,0,1,0,1,3,2,0,1,0,2,0,0
13,1,1,0,0,0,0,0,0,0,0,0,0,0,0,0,0,0,0,0,0,0
14,0,0,0,0,0,2,0,1,0,0,0,0,0,1,0,1,0,0,2,1,0
15,1,0,5,2,2,1,2,1,2,3,2,5,3,1,2,1,0,1,1,4,6
16,1,0,0,1,0,0,1,0,2,0,0,0,0,0,0,0,0,1,1,0,0
17,0,0,0,0,0,71,66,57,62,65,66,58,53,71,50,60,54,54,73,69,68
18,0,0,0,0,0,0,0,0,0,1,1,0,0,1,0,2,0,0,0,0,0
19,1,0,0,0,0,0,0,0,0,0,0,0,0,0,0,0,0,0,0,0,0
20,3,0,1,0,0,0,3,2,1,1,1,3,3,4,1,2,2,1,2,1,3
21,0,0,0,0,3,3,1,2,0,0,2,3,1,2,0,1,2,4,2,2,2
22,0,0,0,0,1,0,1,0,1,1,1,0,0,1,1,1,1,1,3,0,0
23,4,0,1,3,2,1,1,1,2,2,2,2,2,0,0,2,4,5,2,0,0
24,0,0,0,0,0,0,0,0,0,0,1,0,0,0,0,0,1,0,0,0,1
25,0,0,0,0,0,0,0,0,0,1,0,0,2,1,1,0,0,0,0,0,0
26,1,1,0,1,0,0,0,0,0,1,0,0,0,0,1,1,2,0,1,2,0
27,2,1,4,3,3,1,3,3,4,4,1,2,1,3,2,4,5,6,2,1,3
28,0,0,1,0,0,0,0,0,0,0,0,0,0,0,0,1,0,0,0,1,0
29,0,0,0,0,0,1,0,0,1,0,0,1,0,1,0,1,0,1,0,0,0
30,0,0,0,1,1,1,0,0,0,0,0,0,1,1,1,0,0,0,0,0,1
31,0,1,2,2,0,1,2,3,1,1,1,1,1,2,0,0,0,1,0,1,1
32,2,3,7,6,2,5,8,5,5,4,3,2,5,2,4,2,2,6,4,3,5
33,0,0,0,1,0,0,0,0,0,0,0,0,0,0,0,0,0,0,0,0,0
34,1,0,1,4,1,2,3,1,1,0,3,3,0,4,2,1,0,1,2,1,0
35,0,0,0,0,0,0,0,0,0,0,0,0,1,0,0,0,0,0,1,0,0
36,1,1,0,2,2,4,1,2,5,3,4,2,2,2,1,2,0,8,3,1,2
37,0,0,0,0,0,0,0,0,0,0,0,0,0,0,0,0,0,0,0,0,0
38,0,0,0,0,0,0,0,0,0,0,0,0,0,0,0,0,0,0,0,0,0
39,0,0,1,1,1,0,0,2,0,0,0,0,1,1,0,1,0,0,0,0,2
40,0,0,1,1,0,0,1,0,1,0,0,1,0,0,1,1,0,2,0,0,0
41,0,0,0,1,0,0,0,0,2,0,0,0,1,1,0,0,0,0,0,0,1
42,1,1,1,2,0,0,1,1,0,1,1,1,2,3,1,1,1,0,1,0,1
43,0,0,0,0,0,0,0,1,1,0,1,0,0,1,0,0,1,1,0,0,0
44,0,0,0,0,0,0,0,2,0,0,0,0,0,0,0,0,0,0,0,0,0
45,1,0,0,0,1,0,0,0,0,0,0,1,2,0,0,0,0,0,0,0,0
46,0,0,0,0,0,0,0,0,0,0,0,0,0,0,0,0,0,0,0,0,0
47,3,5,2,2,1,4,4,1,6,3,0,3,2,2,3,6,3,2,0,1,4
48,0,0,0,1,0,0,0,0,1,0,0,0,0,0,0,0,0,0,0,0,0
49,0,1,0,2,0,0,0,0,1,0,0,0,0,0,0,0,0,0,0,0,0
50,3,1,3,0,2,5,5,6,5,2,2,4,7,5,1,7,2,2,4,7,1
51,1,1,5,1,3,3,3,0,1,0,4,2,1,6,2,2,6,2,2,3,4
52,1,3,5,2,2,2,1,3,0,1,1,1,1,3,2,0,2,2,2,2,1
53,0,0,0,0,0,0,1,0,0,0,1,0,0,0,0,0,0,3,0,0,1
54,0,0,0,0,0,0,0,0,0,0,0,0,0,0,0,0,0,0,0,0,0
55,1,0,0,1,1,0,1,1,0,0,1,1,1,0,0,0,0,0,0,0,0
56,7,5,6,4,0,8,4,4,9,2,2,5,6,4,6,3,2,4,2,4,4
57,1,3,5,6,3,2,0,3,2,5,2,1,1,4,1,2,1,4,3,2,4
58,2,1,3,2,2,3,3,3,2,6,1,1,8,2,9,2,2,3,4,2,6
59,0,0,0,0,0,0,0,0,0,0,0,0,0,0,0,0,0,0,0,0,0
60,0,0,0,0,1,0,0,0,0,0,0,0,0,0,0,0,0,0,0,0,0
61,0,1,0,0,2,1,2,0,2,3,0,2,0,1,0,1,2,0,4,1,0
62,0,0,0,0,0,0,0,0,0,0,0,0,0,0,0,0,0,0,0,0,0
63,6,5,7,6,8,7,3,8,6,8,7,3,8,9,10,4,13,8,9,4,11
64,0,1,1,0,1,1,1,2,1,1,0,0,0,1,0,1,0,0,1,0,0
65,2,1,1,1,3,1,0,1,1,0,3,2,0,0,1,1,2,1,0,1,0
66,2,1,2,1,2,2,0,2,3,2,3,1,1,2,0,2,2,4,4,1,1
67,2,5,5,8,1,6,10,4,8,6,3,1,3,5,4,7,3,7,5,6,6
68,2,2,4,3,1,1,4,3,2,2,2,3,2,4,1,2,1,1,1,1,2
69,1,1,0,0,0,0,2,2,1,0,0,0,1,0,0,4,0,1,0,2,1
70,0,0,0,0,0,0,0,0,0,0,0,1,1,0,0,0,0,1,0,0,1
71,0,0,0,0,0,0,0,0,0,0,0,1,0,0,0,0,0,1,0,0,0
72,3,4,6,5,3,3,0,2,6,1,3,2,2,2,1,3,3,1,3,6,3
73,3,1,5,5,3,2,4,2,4,2,4,4,4,1,2,4,4,7,3,2,0
74,1,0,2,1,1,0,0,0,0,1,0,0,0,3,0,0,0,0,0,0,0
75,2,0,0,0,0,1,1,0,0,0,0,0,0,0,1,0,0,1,0,1,0
76,0,3,0,2,3,1,1,2,1,2,2,0,0,2,0,0,1,1,2,0,0
77,0,1,0,0,0,1,0,1,0,0,2,3,3,0,1,1,1,2,2,0,0
78,0,0,0,1,0,0,0,0,0,0,0,0,0,0,0,0,0,1,1,0,0
79,0,0,1,2,3,2,1,1,0,0,0,0,2,3,1,1,2,0,3,1,1
80,0,1,0,0,0,0,1,2,0,0,0,2,3,1,0,2,0,0,0,4,1
81,0,2,0,0,1,4,2,0,0,1,0,2,2,0,2,0,1,0,2,2,0
82,1,1,4,1,2,2,0,2,2,1,2,4,3,1,2,3,2,2,2,1,0
83,1,1,3,0,1,0,3,2,2,2,0,2,1,1,1,2,1,1,0,0,2
84,0,1,1,0,0,1,0,1,2,0,1,2,0,0,1,0,2,1,1,0,1
85,0,0,0,0,0,0,0,0,0,0,0,0,0,0,0,0,0,0,0,0,0
86,0,1,1,2,0,1,0,2,4,2,0,0,1,0,2,0,0,0,0,0,0
87,0,1,0,2,0,0,2,0,1,2,3,0,1,1,2,2,4,0,0,1,1
88,0,1,0,0,2,1,2,1,0,0,0,0,2,1,0,1,1,0,3,0,0
89,4,0,2,5,2,1,4,2,4,2,3,2,2,0,0,3,5,7,3,1,0
90,0,0,0,0,0,0,0,0,0,0,0,0,0,0,0,1,0,0,0,0,0
91,0,1,0,0,0,0,1,0,0,0,0,1,1,0,0,0,0,0,0,0,0
92,1,0,0,0,0,0,0,0,0,1,0,0,0,0,0,0,0,0,0,0,0
93,6,5,5,2,3,12,8,5,5,3,5,10,14,4,4,7,4,4,8,6,6
94,3,4,1,2,4,5,4,1,1,1,1,0,6,2,4,5,6,2,1,4,2
95,0,0,1,0,0,1,1,0,1,1,0,1,1,0,0,0,1,0,0,0,1
96,0,0,0,0,0,0,0,0,0,0,0,0,0,0,0,0,0,0,0,0,0
97,1,0,1,0,0,0,0,0,0,0,1,1,0,3,0,1,0,0,0,0,0
98,0,0,0,0,0,0,0,0,0,0,0,0,0,0,0,0,0,0,0,0,0
99,0,0,0,0,0,0,0,0,0,0,0,0,0,0,0,0,0,0,0,0,1
100,1,0,2,1,0,0,0,1,0,1,1,0,0,0,0,0,0,0,1,0,0
101,0,1,0,0,1,0,0,1,1,0,0,0,0,1,0,3,0,0,0,1,1
102,1,3,1,3,5,3,2,5,0,0,0,1,0,1,2,0,0,2,0,0,2
103,0,0,0,1,0,0,0,1,0,1,0,1,0,0,0,0,0,0,0,1,1
104,2,7,7,6,3,10,5,5,3,1,6,6,4,3,7,2,1,6,2,8,7
105,0,2,0,0,2,1,1,1,2,1,1,0,1,0,1,0,0,1,1,0,1
106,0,0,0,0,0,0,0,0,0,0,0,0,0,0,0,0,0,0,0,0,0
107,2,0,0,4,0,0,0,1,0,2,0,2,1,1,3,0,1,0,2,0,1
108,1,1,1,2,0,0,1,1,1,2,1,2,2,3,1,1,1,0,1,0,1
109,0,0,1,1,0,1,1,0,0,0,0,1,0,0,0,0,0,0,3,0,0
110,0,2,1,1,2,2,2,4,0,2,0,2,2,0,0,3,3,1,0,1,2
111,0,0,0,1,0,0,0,1,0,0,0,0,1,2,0,0,0,0,1,0,1
112,1,1,1,1,0,0,1,0,0,1,1,1,1,1,1,1,1,0,0,0,0
113,4,5,1,3,4,3,3,1,3,3,3,2,1,2,0,3,3,0,2,1,3
114,9,4,13,12,7,15,9,14,11,13,13,11,13,13,5,6,9,13,9,15,8
115,2,3,2,2,2,2,4,0,5,0,3,2,4,4,1,2,7,1,1,2,4
116,0,0,0,0,0,0,0,0,0,0,0,1,0,0,0,0,0,0,0,0,0
117,0,0,0,0,0,0,0,0,0,0,0,0,0,0,0,0,0,0,0,0,0
118,0,0,0,0,0,0,0,0,0,0,0,0,0,0,0,0,0,0,0,0,0
119,0,0,0,0,1,1,0,0,0,1,0,0,0,0,0,1,0,1,0,0,0
120,1,3,4,5,3,2,0,3,2,5,2,1,1,4,1,2,1,4,3,1,4
121,0,0,1,1,0,0,0,0,0,0,0,0,0,0,0,0,0,0,0,1,0
122,0,0,0,0,0,0,1,0,0,1,0,0,0,0,1,1,0,0,0,1,0
123,0,0,0,0,0,0,0,0,0,0,1,0,0,0,1,0,0,0,0,0,0
124,0,1,0,0,1,0,0,0,0,0,0,0,0,1,0,0,1,1,0,0,1
125,4,2,6,7,5,1,6,5,8,4,6,4,4,2,2,3,4,6,2,3,0
126,3,0,0,0,0,0,0,0,0,1,1,1,1,2,0,0,0,0,0,1,0
127,0,1,0,1,1,3,3,0,0,0,2,3,5,3,0,3,2,0,1,0,4
128,0,0,0,0,0,0,1,0,1,0,0,0,0,0,0,0,0,0,0,0,0
129,3,4,3,4,0,3,4,2,4,3,3,5,0,2,3,2,4,2,1,3,1
130,0,1,5,1,3,3,2,2,0,2,1,0,1,4,0,4,2,0,2,3,5
131,2,1,2,1,0,0,1,1,1,0,0,0,0,0,0,0,1,1,1,0,0
132,0,0,0,0,0,2,0,0,0,0,0,1,0,0,1,1,0,1,0,0,0
133,1,1,4,3,2,2,3,3,3,3,0,3,1,4,1,1,4,1,0,3,2
134,0,0,0,1,1,0,0,0,2,0,1,0,0,0,0,0,1,0,0,1,0
135,5,0,4,1,4,0,1,0,5,2,2,2,3,2,3,2,4,1,4,5,2
136,1,1,4,4,3,2,3,3,5,3,1,3,1,4,1,1,5,1,0,4,2
137,1,4,3,3,2,0,1,3,5,3,4,2,2,1,5,2,1,3,1,4,2
138,0,1,1,2,2,0,0,1,0,0,0,0,0,2,0,0,2,2,0,1,1
139,0,1,0,1,0,1,0,0,0,0,0,0,0,0,1,0,1,1,0,1,0
140,0,1,1,0,0,0,1,1,0,0,0,0,0,0,0,0,0,1,0,0,0
141,9,6,8,2,10,6,10,9,7,8,5,4,6,5,5,4,8,4,6,5,5
142,0,0,0,0,0,0,0,0,0,0,0,0,0,0,0,0,0,1,0,0,0
143,0,1,0,0,0,0,0,0,0,0,0,0,0,0,0,0,0,0,0,0,0
144,0,0,0,0,0,0,0,0,0,0,0,1,0,0,0,0,0,0,0,0,1
145,0,0,0,2,0,1,1,0,2,0,1,2,0,0,0,1,0,1,0,0,0
146,1,0,0,0,0,0,0,0,0,0,1,0,0,0,0,0,0,0,1,2,0
147,1,2,0,0,0,0,2,2,1,0,1,2,3,2,0,4,0,1,0,4,2
148,1,4,0,3,1,6,4,2,5,0,0,4,8,2,0,8,3,3,4,3,3
149,0,0,0,1,2,0,0,1,1,3,2,0,0,1,0,0,0,1,3,1,0
150,0,4,4,2,2,1,0,3,3,0,0,3,2,1,2,2,1,1,1,2,3
151,1,1,1,1,2,1,0,1,0,0,2,1,1,3,1,4,4,2,2,2,2
152,1,2,1,2,0,0,2,1,1,1,1,1,0,1,0,1,1,1,1,1,1
153,1,1,0,0,0,0,0,0,0,0,0,0,2,0,0,0,0,0,0,0,0
154,0,2,2,2,1,4,0,2,1,0,3,1,0,3,3,1,3,1,2,2,2
155,3,7,3,3,3,2,0,2,6,0,3,0,2,1,2,1,2,2,1,1,5
156,2,1,0,1,1,2,0,1,0,0,1,3,1,0,0,1,3,2,0,0,2
157,0,0,0,0,0,0,0,0,0,0,0,0,2,0,0,0,0,0,0,0,0
158,0,2,2,1,0,1,3,2,2,2,1,2,0,1,3,1,2,3,3,1,1
159,0,1,3,0,1,1,1,1,0,0,0,0,1,1,1,0,0,0,0,2,1
160,0,2,0,2,2,1,3,3,3,3,1,5,3,5,2,0,4,2,0,2,3
161,0,1,1,0,0,2,0,2,0,3,2,0,1,0,0,0,2,0,0,0,0
162,2,1,3,2,0,3,2,3,3,0,1,4,1,0,1,1,5,2,0,3,2
163,3,5,8,4,3,2,2,5,2,3,5,1,1,4,4,1,3,5,4,5,1
164,3,3,6,2,1,1,2,2,2,1,1,0,1,3,2,1,3,3,2,4,0
165,2,1,3,2,1,0,1,0,2,1,1,0,0,0,0,1,1,1,2,2,0
166,0,0,0,0,0,0,0,0,0,0,0,0,0,1,0,0,0,0,0,0,0
167,0,0,0,0,0,0,0,0,0,1,0,0,0,0,0,0,0,0,0,0,0
168,0,1,0,0,0,0,0,2,0,1,3,0,0,1,2,0,0,2,0,1,0
169,0,0,0,1,0,0,0,1,0,0,1,0,1,0,1,2,1,0,1,0,2
170,0,0,0,0,0,0,1,0,0,0,0,1,0,0,0,0,0,0,0,0,0
171,1,0,0,0,0,0,1,0,0,0,0,0,1,0,0,1,0,0,0,1,0
172,0,1,0,0,0,0,0,0,0,0,0,0,0,0,0,0,0,0,0,0,1
173,1,1,1,1,1,0,3,0,0,0,1,0,1,1,0,2,0,0,2,0,0
174,0,2,0,1,1,1,0,0,1,0,0,0,0,0,0,0,1,0,0,0,2
175,4,2,4,4,6,2,3,4,2,6,4,4,7,4,9,2,4,3,1,3,4
176,2,7,5,7,5,3,3,5,7,6,5,4,8,7,8,1,3,4,6,5,5
177,0,0,0,0,0,0,0,0,0,0,0,2,0,0,0,0,0,0,0,0,0
178,0,0,0,0,0,2,0,1,0,0,0,0,0,1,0,2,0,0,2,1,0
179,0,1,0,1,0,1,0,0,0,0,0,0,0,0,1,0,1,1,0,1,0
180,0,0,0,1,1,1,0,0,1,1,0,1,0,0,1,2,0,1,1,0,0
181,0,0,0,2,0,0,0,0,1,0,0,0,2,0,0,0,2,0,0,0,0
182,1,2,0,1,1,6,3,0,0,1,2,3,7,3,0,3,2,0,3,1,4
183,6,5,6,4,7,6,8,8,7,4,3,9,7,4,4,2,8,6,10,6,4
184,0,1,1,1,3,3,2,2,0,0,2,4,2,2,0,1,3,5,2,2,3
185,3,1,2,2,2,0,0,0,0,1,2,1,3,2,1,0,1,2,0,2,1
186,1,0,0,0,0,0,0,2,0,1,0,0,1,0,0,0,1,0,0,1,0
187,0,1,0,0,0,0,0,0,0,0,0,1,0,1,1,0,0,0,0,0,0
188,0,1,0,1,1,0,0,2,0,0,1,0,3,1,0,3,0,0,0,5,0
189,1,1,3,2,1,3,1,2,3,2,0,0,1,3,3,0,3,2,0,0,2
190,8,4,9,12,9,7,5,5,4,7,7,10,10,7,14,9,3,9,5,10,5
191,0,1,0,1,0,0,1,0,2,0,0,1,1,0,1,1,0,0,2,0,0
192,8,4,9,12,9,7,5,5,4,7,7,10,10,7,13,9,3,9,5,10,5
193,0,0,0,0,0,0,0,0,0,0,0,0,0,0,1,0,0,0,0,0,0
194,1,0,2,0,1,0,0,0,0,0,0,0,0,1,0,0,2,0,0,0,1
195,1,1,0,0,0,0,2,2,1,0,0,2,3,1,0,4,0,1,0,4,2
196,9,6,8,6,9,6,8,8,7,5,5,10,10,6,5,2,9,8,10,8,5
197,1,0,0,0,1,1,1,1,0,0,0,0,0,2,1,1,0,0,1,0,0
198,0,0,0,0,0,0,0,0,0,0,0,0,0,0,1,0,0,0,0,0,0
199,1,3,1,2,2,0,0,0,3,0,2,2,2,1,4,0,0,1,3,0,1
200,0,0,0,0,0,0,0,0,0,0,0,0,0,0,0,0,0,0,0,0,0
201,0,0,1,0,0,0,0,0,1,0,0,0,0,0,0,0,0,0,0,0,1
202,4,7,2,4,4,4,6,2,4,6,6,4,4,5,3,0,3,3,1,4,6
203,0,0,0,0,0,0,0,1,0,0,0,0,0,0,0,0,0,0,0,0,0
204,0,0,1,0,0,1,1,0,1,1,0,1,1,0,0,0,1,0,0,0,0
205,0,0,0,0,0,0,0,1,0,0,0,0,0,0,0,0,0,0,0,0,0
206,2,3,2,2,2,2,0,1,1,1,0,2,1,2,1,3,1,1,0,0,2
207,1,1,0,0,0,0,0,0,1,1,0,2,0,0,0,1,0,0,0,0,2
208,0,0,0,0,0,0,0,0,0,0,0,0,0,0,0,0,0,0,0,0,0
209,2,4,3,4,4,3,2,3,8,4,4,2,8,6,5,3,2,2,6,3,2
210,0,0,1,0,0,0,0,1,0,0,0,0,0,0,0,0,0,0,0,0,0
211,0,1,0,1,0,0,1,0,2,0,0,0,0,0,0,1,0,0,0,0,0
212,2,4,4,3,3,2,2,4,3,5,4,1,4,3,3,4,4,2,3,2,5
213,13,14,6,5,7,12,14,10,8,6,9,15,22,11,5,7,13,5,13,8,8
214,2,4,5,1,1,1,3,3,2,3,1,5,0,0,1,3,0,2,4,0,2
215,1,0,0,0,0,1,0,2,0,1,0,0,0,1,1,1,1,1,0,1,0
216,2,4,3,1,2,3,1,4,3,2,1,1,2,4,3,1,3,1,2,3,1
217,1,2,0,0,3,1,0,2,5,2,1,0,0,3,4,0,3,2,0,4,2
218,3,5,2,2,1,6,4,2,6,3,0,3,2,3,3,8,3,2,2,2,4
219,4,5,6,9,2,7,10,4,8,6,4,2,6,7,6,7,4,7,5,6,6
220,1,1,1,0,1,1,1,2,2,0,0,0,0,2,1,1,1,0,1,0,0
221,4,3,5,9,1,5,7,2,9,5,3,1,2,4,3,9,4,5,2,4,8
222,1,1,1,0,1,1,2,2,1,0,2,3,2,4,1,2,3,2,4,1,1
223,0,1,0,2,1,0,1,2,0,2,1,1,0,1,1,1,1,2,0,0,1
224,1,3,4,6,3,2,0,3,2,4,2,1,1,4,1,2,1,3,3,2,4
225,2,2,3,2,2,3,2,5,6,4,3,5,2,3,6,1,3,2,2,1,3
226,0,0,0,0,1,0,0,0,0,0,0,0,0,0,1,0,0,0,0,0,0
227,0,0,0,0,0,0,0,0,0,1,0,0,0,0,0,0,0,0,0,0,0
228,2,3,4,3,5,3,1,1,6,2,1,4,1,1,3,2,2,1,1,7,1
229,2,3,4,5,5,3,1,1,7,2,1,4,3,1,3,2,4,1,1,7,1
230,0,0,0,0,0,0,0,0,0,0,0,0,0,0,0,0,0,0,0,0,0
231,0,0,0,0,0,0,0,0,0,0,0,0,0,0,0,0,0,0,0,0,0
232,2,2,3,3,2,3,2,5,6,4,3,5,2,3,6,1,3,2,2,1,4
233,0,0,0,0,0,0,0,0,0,0,0,0,0,0,0,0,0,0,0,0,1
234,3,3,0,2,1,1,3,4,2,0,0,2,4,1,1,5,1,2,1,2,4
235,0,0,0,0,0,0,0,0,0,1,0,0,0,0,0,0,0,0,0,0,0
236,0,0,0,0,0,0,0,0,0,1,0,0,0,0,0,2,0,0,0,0,0
237,1,0,0,0,0,0,0,0,0,0,0,0,0,0,0,0,0,0,0,0,0
238,0,0,0,1,2,0,0,0,0,1,0,0,1,0,0,1,0,0,0,1,0
239,0,0,0,0,0,0,0,0,0,0,1,0,0,0,1,0,0,0,1,0,0
240,1,2,0,2,3,1,2,2,3,3,1,5,2,3,2,0,3,1,0,1,3
241,0,1,0,0,0,0,1,2,0,0,0,2,3,1,0,2,0,0,0,4,1
242,0,0,0,0,0,0,0,0,0,0,0,0,0,0,0,1,0,0,0,0,0
243,0,0,0,0,0,0,0,0,0,0,0,0,0,0,0,0,0,0,0,0,0
244,0,1,0,0,0,0,0,0,0,1,0,0,0,0,0,0,1,0,0,0,0
245,5,0,5,7,0,3,0,8,4,4,6,2,5,4,1,4,4,3,5,2,3
246,3,1,1,0,1,2,2,0,3,1,2,0,0,3,2,1,4,2,2,2,2
247,0,0,0,1,0,1,1,2,0,1,0,0,0,2,0,0,0,1,0,0,0
248,0,1,2,2,2,2,1,2,6,0,1,3,3,2,4,3,1,6,0,1,1
249,1,0,0,1,0,0,0,0,0,0,0,0,2,0,1,0,0,0,0,0,0
250,0,0,0,0,0,0,0,1,0,0,0,0,0,0,0,0,0,0,0,0,0
251,0,1,0,1,1,0,0,2,0,1,0,0,0,2,0,0,0,0,1,0,0
252,1,3,1,4,0,0,1,5,3,2,3,3,1,1,1,1,0,1,2,0,3
253,1,0,1,0,0,0,1,0,0,0,1,1,1,1,1,1,0,0,0,0,0
254,0,0,0,0,1,0,0,0,0,0,0,0,0,0,0,0,0,0,0,0,0
255,0,2,1,3,0,1,0,0,1,1,1,2,0,1,1,0,0,1,0,1,0
256,0,0,0,0,0,0,0,1,0,0,0,0,0,0,0,0,0,0,1,1,0
257,0,1,0,1,0,0,0,0,0,0,0,1,0,0,0,0,0,0,0,2,0
258,1,0,1,1,0,0,0,1,0,0,0,0,0,0,0,0,0,0,0,0,1
259,6,1,3,4,1,5,1,1,2,3,1,1,2,4,3,3,3,1,0,2,2
260,0,0,2,1,1,0,0,0,2,3,0,1,1,2,2,1,2,3,0,1,1
261,0,0,0,0,0,0,0,0,0,0,0,0,0,0,0,0,0,0,0,0,1
262,0,0,0,0,0,0,0,0,0,1,0,0,0,0,0,0,0,0,0,0,0
263,5,2,1,3,2,1,2,2,0,2,2,1,2,1,4,0,2,2,1,1,2
264,0,0,0,0,1,0,2,1,0,1,0,0,0,0,1,1,0,1,0,1,0
265,0,0,0,0,0,0,0,0,0,0,0,0,0,0,0,0,0,0,0,0,0
266,0,1,0,0,0,0,0,0,1,0,0,0,0,0,1,0,0,0,0,1,0
267,0,0,0,0,0,1,0,0,1,0,0,0,0,1,0,1,0,0,0,0,0
268,0,0,3,4,3,5,1,4,2,3,3,1,1,3,2,2,2,4,2,0,6
269,10,8,4,4,3,9,9,11,4,9,10,9,11,8,11,7,11,11,3,8,10
270,0,0,0,1,0,0,0,0,0,0,0,0,0,0,0,0,0,0,0,0,0
271,0,2,3,1,0,2,3,2,3,0,2,1,3,0,0,4,0,1,0,2,0
272,0,0,0,0,0,0,0,0,0,0,0,0,0,0,0,0,0,0,0,0,0
273,0,0,0,0,0,0,0,0,0,0,1,0,0,0,0,0,0,0,0,0,0
274,1,4,3,1,0,2,3,1,4,0,2,2,3,4,4,3,2,3,1,2,3
275,0,0,2,0,0,0,0,0,0,1,2,1,0,0,0,0,0,1,0,0,0
276,1,0,0,0,1,0,0,0,0,0,0,0,0,0,0,0,0,0,0,0,1
277,0,2,0,2,0,0,2,2,1,0,0,2,3,2,0,5,0,1,0,5,1
278,0,1,0,0,0,0,1,1,0,0,0,0,0,0,0,1,0,0,0,1,1
279,3,3,5,6,5,3,5,2,5,2,5,5,4,1,2,5,5,9,4,2,1
280,0,1,0,0,0,0,0,1,0,0,0,0,0,0,0,0,0,0,0,1,1
281,0,3,3,5,1,2,0,2,1,1,1,1,1,3,1,1,1,1,3,0,3
282,0,1,0,1,0,0,1,0,2,0,0,0,0,0,0,1,0,0,0,0,0
283,0,3,0,1,2,4,3,0,1,1,5,2,3,3,1,0,2,2,1,2,1
284,0,1,0,2,2,1,5,0,2,2,2,1,4,5,2,3,4,1,2,1,4
285,2,1,3,4,4,4,3,3,1,2,5,2,7,8,7,3,2,6,5,2,5
286,0,0,1,0,0,0,0,0,2,1,0,0,0,0,0,0,0,0,0,0,1
287,0,0,0,0,0,0,0,0,0,0,0,0,0,0,1,0,0,0,0,0,0
288,0,4,2,1,0,2,1,2,2,0,2,1,2,1,2,3,2,2,1,3,4
289,4,3,3,5,2,2,2,3,7,5,5,3,5,5,4,2,3,2,1,5,5
290,0,1,0,0,0,0,0,0,0,0,1,0,1,0,1,2,0,0,1,1,0
291,1,0,1,0,0,0,1,0,1,1,0,0,0,0,0,0,0,0,0,1,1
292,0,0,0,0,0,0,0,0,0,0,0,0,0,0,0,0,0,0,0,0,0
293,3,3,7,2,3,1,4,0,1,1,2,4,2,3,2,2,3,4,3,3,3
294,0,0,0,0,0,0,0,0,0,0,0,0,0,1,0,0,0,0,0,0,0
295,0,0,0,0,0,1,0,0,0,0,0,0,0,0,0,0,0,0,0,1,0
296,0,3,3,4,1,1,0,2,1,1,1,1,1,3,1,1,1,0,3,0,3
297,0,0,0,0,0,0,0,0,0,0,0,0,0,0,0,0,0,0,0,0,0
298,1,0,3,2,2,3,3,0,1,3,2,1,2,2,4,2,1,4,1,3,3
299,0,1,0,2,0,0,2,0,1,2,3,0,1,1,2,3,4,1,1,1,1
300,0,0,0,0,0,0,0,0,0,0,0,0,0,0,0,0,0,1,0,0,0
301,0,0,0,1,0,0,0,0,0,0,0,0,0,1,0,0,0,0,0,0,0
302,64,58,45,70,65,0,0,0,0,2,0,0,0,1,0,0,0,0,1,0,1
303,2,2,2,2,0,0,3,1,0,0,1,2,1,0,4,0,4,0,2,2,2
304,1,0,1,2,1,1,1,1,1,1,0,0,0,1,0,0,0,0,0,0,0
305,0,0,1,0,0,0,0,1,0,1,0,1,2,1,1,0,0,0,0,0,0
306,8,5,10,5,2,8,9,8,4,4,5,4,6,5,5,5,11,10,5,3,2
307,4,2,3,5,3,3,5,3,6,5,3,6,3,2,5,5,3,2,4,2,4
308,5,8,3,6,3,2,7,8,2,3,2,3,5,4,1,3,2,4,0,8,7
309,0,0,0,0,0,1,0,0,1,0,0,1,0,1,0,1,0,0,0,0,0
310,3,3,2,2,3,2,4,4,2,6,6,3,2,2,5,3,2,2,4,4,7
311,0,0,1,0,0,0,1,1,0,0,0,0,1,0,0,0,0,0,0,0,0
312,0,0,0,1,0,1,0,0,0,0,0,0,0,0,0,0,0,0,0,0,0
313,0,0,0,0,0,0,0,0,0,0,0,0,0,0,0,0,0,0,0,0,0
314,0,0,0,0,0,0,0,0,0,0,0,0,0,0,0,0,0,0,0,0,0
315,0,1,1,0,0,1,2,2,0,1,1,0,1,1,0,1,1,3,2,2,1
316,3,5,4,3,3,5,6,3,7,1,4,3,4,6,5,7,4,4,4,2,8
317,0,0,0,3,1,0,0,1,1,1,1,0,1,1,0,0,1,0,0,0,0
318,0,0,0,0,0,0,1,0,0,0,0,0,0,0,0,1,0,1,0,0,0
319,0,0,1,0,0,0,0,0,2,1,0,0,0,0,0,0,0,0,0,0,1
320,1,2,1,2,2,2,1,4,2,0,1,1,2,0,1,4,2,1,0,1,1
321,0,0,1,0,1,0,0,0,2,1,0,0,0,1,0,0,0,1,0,0,1
322,1,1,1,0,0,2,2,1,1,2,0,2,2,2,3,0,0,1,0,0,3
323,0,0,0,0,0,0,0,0,0,0,0,0,0,0,0,0,0,0,0,0,0
324,0,0,1,0,1,0,0,0,2,1,0,0,0,1,0,0,0,1,0,0,1
325,4,4,8,3,5,2,4,1,1,1,4,4,3,6,3,6,7,5,4,5,5
326,3,6,2,1,2,6,7,3,4,0,6,7,12,8,1,5,6,4,6,3,4
327,0,0,0,0,1,1,1,0,0,0,0,0,0,0,0,1,0,0,0,0,0
328,0,0,2,4,1,1,1,1,3,0,0,3,1,2,1,0,1,2,0,1,1
329,0,4,3,2,1,2,6,4,3,4,7,2,3,3,2,2,2,6,3,2,1
330,7,6,2,7,6,1,5,9,6,5,4,10,4,6,2,4,2,2,0,7,6
331,2,1,2,2,1,1,2,1,0,3,3,1,0,3,2,1,1,1,1,4,2
332,0,0,0,0,0,0,0,0,1,0,0,1,0,0,0,1,0,0,0,0,0
333,2,1,1,3,1,1,2,2,2,2,3,1,1,3,3,3,5,1,1,1,4
334,2,4,1,0,0,4,2,1,3,0,3,2,1,1,1,2,1,2,1,2,1
335,1,2,1,2,4,1,3,3,3,2,1,3,1,2,1,3,1,2,1,2,5
336,0,1,0,0,0,0,0,0,0,1,0,0,0,0,0,0,0,0,0,1,0
337,0,0,0,0,0,0,0,2,0,0,0,0,0,0,0,0,0,1,0,0,0
338,1,0,0,1,2,0,2,1,0,0,0,1,0,0,0,0,1,1,2,0,0
339,0,0,0,0,1,0,1,0,0,0,0,0,0,1,0,0,0,0,0,0,0
340,1,1,2,1,0,4,0,2,2,3,2,3,2,0,1,0,4,0,0,2,1
341,0,0,0,0,0,0,0,0,0,0,0,0,0,0,0,0,0,0,0,0,0
342,0,1,0,0,1,0,1,0,0,0,0,0,0,2,0,0,0,0,0,0,0
343,10,2,1,4,7,6,8,5,6,6,3,2,2,9,4,1,3,10,3,6,6
344,5,1,2,4,2,2,2,3,2,2,5,0,0,3,3,5,3,3,6,3,6
345,1,0,0,0,0,0,0,0,0,0,0,0,0,0,0,1,0,0,0,0,0
346,5,6,4,5,3,2,1,5,0,0,3,2,6,8,4,0,2,3,3,1,3
347,0,0,1,0,0,0,0,0,0,0,0,0,1,0,0,1,0,0,0,1,1
348,1,2,1,2,2,2,0,3,3,2,2,4,5,3,2,2,3,1,4,2,6
349,0,2,1,2,3,0,2,3,6,0,2,1,5,0,2,1,1,3,4,1,2
350,0,1,2,2,1,4,2,4,1,2,2,3,3,1,3,1,5,0,1,0,1
351,1,2,1,1,1,2,2,4,2,1,1,0,1,2,1,1,1,2,3,1,1
352,0,0,0,0,0,0,0,0,0,0,0,0,0,0,0,0,0,0,0,0,0
353,0,0,0,0,0,0,0,0,0,0,0,0,0,1,0,0,0,0,0,0,1
354,2,2,0,0,1,1,0,0,3,1,0,2,0,0,0,1,0,2,1,1,1
355,0,0,1,1,0,0,0,0,0,0,0,0,0,0,0,0,0,0,2,0,0
356,1,3,2,0,5,1,1,4,0,2,4,4,3,2,1,1,1,1,0,3,1
357,4,2,2,4,3,0,2,1,0,2,3,1,3,3,1,0,3,4,3,2,1
358,3,2,5,5,4,2,6,3,4,2,4,4,4,1,2,6,4,8,3,3,0
359,4,1,2,5,2,1,5,2,4,2,3,2,2,0,0,3,5,7,3,1,0
360,3,10,3,4,6,7,7,5,10,6,3,9,4,1,7,9,3,0,9,7,9
361,1,0,0,1,0,0,0,1,0,0,0,0,2,0,1,0,0,0,0,0,0
362,0,2,1,3,2,0,3,2,2,0,1,2,3,2,0,5,0,1,0,5,1
363,0,0,1,0,0,0,0,0,1,0,0,0,0,1,0,0,0,0,0,0,1
364,0,0,0,0,0,0,1,1,0,0,0,0,0,0,0,0,0,1,0,1,1
365,0,0,0,1,1,0,0,0,0,0,1,0,0,0,0,0,0,0,0,1,0
366,2,3,1,2,0,0,1,2,0,0,1,1,2,3,0,0,0,2,1,1,3
367,0,1,2,1,0,0,1,1,1,0,1,1,1,0,0,0,0,0,0,1,1
368,0,1,1,1,1,0,0,0,0,0,0,0,1,1,0,1,2,1,1,0,1
369,1,0,0,0,1,0,2,0,0,0,1,0,0,0,1,0,0,0,0,0,0
370,1,1,0,0,0,0,2,2,1,0,0,1,2,0,0,4,0,2,0,2,2
371,0,0,0,0,0,0,0,0,0,0,0,0,0,0,0,0,0,0,0,0,1
372,0,0,3,1,0,0,0,0,0,0,1,0,1,2,0,1,0,0,0,1,0
373,3,2,5,1,3,4,3,0,1,0,5,2,3,8,2,2,6,2,2,5,4
374,10,4,13,12,8,15,9,14,12,13,13,11,14,13,5,6,10,14,9,15,8
375,2,2,1,0,0,2,3,1,3,1,1,1,0,1,2,1,1,1,1,1,2
376,1,1,1,0,2,1,2,0,2,5,3,3,4,0,3,1,1,4,2,2,2
377,0,1,1,0,0,2,0,0,0,0,0,1,1,1,0,1,0,0,0,0,0
378,4,1,2,6,2,1,5,2,4,2,3,2,2,0,0,3,5,7,3,1,0
379,1,3,5,3,2,7,3,1,2,9,5,1,2,3,3,2,2,3,1,2,3
380,5,3,5,1,2,6,5,5,5,2,3,7,7,1,4,4,2,4,5,5,2
381,1,2,0,1,1,6,3,0,0,1,2,3,7,3,0,3,2,0,3,1,4
382,1,2,1,0,1,2,0,3,1,0,2,0,0,2,0,0,0,0,0,1,0
383,1,1,1,3,3,2,3,0,1,1,1,1,3,1,1,0,2,2,1,1,0
384,1,0,4,0,1,1,3,1,2,5,1,4,3,2,4,5,6,4,1,3,2
385,0,0,1,1,0,3,1,1,1,0,1,1,2,1,1,0,2,1,1,0,0
386,1,2,0,0,1,0,0,1,1,1,1,0,0,2,1,0,2,1,0,2,0
387,0,0,1,0,0,0,0,1,0,0,0,1,1,0,0,0,1,1,0,0,0
388,0,0,0,0,0,0,1,1,0,0,0,0,0,0,0,0,0,0,0,0,0
389,2,6,2,3,3,4,2,2,2,1,4,6,0,2,1,1,2,2,3,0,2
390,0,0,0,0,0,0,0,0,0,0,0,0,0,0,0,0,0,0,0,0,0
391,0,0,0,0,0,0,0,0,0,0,0,0,0,0,0,0,0,0,0,0,0
392,0,0,0,0,0,0,0,0,0,0,0,0,0,0,0,0,0,0,0,0,0
393,0,2,2,2,1,3,0,3,1,3,2,1,3,0,1,1,0,1,2,0,2
394,3,1,4,0,5,2,0,0,1,0,1,1,2,3,2,2,7,2,3,4,3
395,0,2,5,2,3,4,2,2,0,2,1,0,1,4,1,4,3,1,2,4,5
396,3,1,1,2,0,0,2,2,1,0,0,1,3,2,0,4,0,3,0,3,2
397,5,1,3,6,5,3,2,4,4,4,3,0,3,2,2,5,2,0,2,5,3
398,1,0,0,0,0,0,0,0,0,0,0,0,0,0,0,0,0,0,0,0,0
399,0,0,2,2,2,0,0,1,3,1,1,1,0,2,1,0,0,0,1,2,1
400,4,0,3,3,4,6,2,3,2,4,3,3,2,6,2,2,2,4,2,4,4
401,3,2,1,3,3,4,3,4,2,2,2,3,0,0,2,6,2,0,1,2,3
402,4,1,2,6,2,1,5,2,4,2,3,2,2,0,0,3,5,7,3,1,0
403,0,0,0,2,1,2,0,1,1,0,0,0,1,1,0,0,0,0,1,0,1
404,4,0,1,4,2,1,4,1,3,2,3,2,2,0,0,3,5,7,3,1,0
405,1,2,0,1,0,1,1,2,0,1,0,0,0,1,0,1,4,0,2,2,4
406,1,2,1,0,1,0,1,2,1,1,2,2,2,2,0,0,2,0,0,1,0
407,1,0,0,2,2,0,1,0,0,2,0,0,0,2,1,2,0,0,1,0,1
408,0,1,0,0,0,0,1,0,0,0,0,0,1,0,0,0,0,0,0,1,0
409,0,0,0,0,0,1,0,0,0,0,0,0,0,0,0,0,0,0,0,0,0
410,0,0,1,1,1,0,0,1,0,0,1,0,0,0,2,0,0,0,0,0,0
411,0,1,1,0,1,2,1,2,1,1,0,0,0,1,0,1,0,0,1,0,0
412,0,0,0,1,1,1,3,0,0,0,0,0,0,1,0,0,3,0,0,1,1
413,0,1,1,1,2,3,4,2,1,1,0,0,0,2,0,1,3,0,1,1,1
414,2,6,6,3,4,5,6,8,3,6,7,4,2,6,12,6,6,4,9,7,7
415,0,0,0,0,1,0,0,0,0,0,0,0,0,0,0,0,0,0,0,0,0
416,1,2,1,1,0,2,2,5,3,0,1,1,4,2,0,3,1,1,1,1,0
417,10,7,7,8,8,4,13,8,10,4,8,10,5,6,6,6,7,11,8,12,6
418,0,0,0,0,0,0,0,0,0,0,1,1,0,0,0,0,0,0,0,0,0
419,2,5,0,4,3,1,4,1,2,4,2,4,3,3,3,0,0,2,0,7,1
420,3,3,1,3,6,1,3,2,3,4,1,1,6,0,5,2,5,1,0,2,2
421,1,0,1,1,0,0,0,1,0,0,0,0,1,0,0,0,1,0,0,0,0
422,1,1,0,0,0,5,1,0,0,1,2,3,6,1,0,2,1,0,3,1,3
423,3,4,3,4,0,3,4,2,4,3,3,5,0,2,3,2,5,2,1,3,1
424,0,0,1,0,0,1,0,1,1,0,0,0,0,0,0,1,2,0,0,0,2
425,0,1,0,0,0,0,1,0,0,0,0,1,2,0,0,0,1,0,0,0,0
426,0,0,0,0,0,0,0,0,0,0,0,0,0,0,0,0,0,0,0,0,0
427,0,0,0,0,1,0,1,0,0,0,1,0,0,0,0,0,0,0,0,0,0
428,0,1,2,0,2,3,1,1,3,2,3,2,3,4,1,3,5,0,3,3,0
429,0,4,1,4,2,3,1,1,4,4,2,1,2,2,2,3,3,4,2,1,2
430,2,1,0,1,1,0,1,1,2,2,2,1,0,0,0,2,0,0,0,4,0
431,0,0,2,1,0,5,2,0,2,3,2,0,1,2,0,2,1,1,0,2,1
432,0,1,2,2,1,2,2,3,4,2,0,2,2,2,3,0,0,6,1,5,3
433,1,0,1,0,1,0,0,0,0,0,0,1,0,0,1,0,1,0,0,0,1
434,0,0,0,0,1,0,0,0,0,0,0,0,0,0,0,0,1,0,1,0,0
435,0,0,0,0,0,0,0,0,0,0,0,0,1,0,0,0,0,0,0,0,0
436,1,3,4,6,3,2,0,3,2,4,2,1,1,4,1,2,2,3,3,2,4
437,4,1,1,2,4,0,2,6,2,1,2,1,3,2,0,0,1,3,4,1,1
438,0,0,1,0,0,0,0,0,0,1,0,0,0,0,0,0,0,0,0,0,0
439,5,5,4,2,3,4,7,6,3,8,4,0,2,3,3,4,2,5,2,2,5
440,2,3,3,0,4,2,5,1,2,4,3,3,0,2,2,2,1,2,1,2,6
441,1,0,0,0,1,1,1,1,0,0,0,0,0,2,1,1,0,0,1,0,0
442,0,1,0,0,0,0,0,1,0,0,1,0,1,1,0,0,1,0,0,0,0
443,0,1,0,1,0,0,0,1,1,0,0,0,1,0,1,0,0,0,0,0,0
444,0,1,1,2,1,0,3,0,2,0,0,2,0,1,0,2,0,1,0,0,1
445,0,0,1,0,0,0,2,1,0,1,0,0,0,1,1,1,0,0,0,0,1
446,0,0,2,1,1,0,0,0,0,0,1,1,1,1,2,1,0,0,0,1,1
447,0,0,3,1,1,0,2,1,0,1,1,1,1,2,3,2,0,0,0,1,2
448,2,2,2,2,1,1,1,5,0,0,0,1,0,0,0,2,3,4,1,0,1
449,0,0,0,0,0,1,0,1,0,0,0,0,0,0,0,0,1,0,0,0,0
450,0,0,0,0,0,0,1,0,0,0,1,0,0,0,0,0,0,0,0,0,0
451,5,6,4,5,0,3,1,1,3,1,2,2,5,0,1,2,2,3,2,1,2
452,1,3,5,6,3,2,0,3,2,5,2,1,1,4,1,2,2,4,3,2,4
453,1,1,1,2,2,1,1,1,1,0,2,1,1,0,2,1,0,1,2,0,0
454,0,0,0,0,0,0,0,0,0,0,0,0,0,0,0,0,0,0,0,0,0
455,0,3,0,0,1,1,3,1,0,3,3,3,1,1,2,1,1,0,1,1,3
456,0,2,1,1,1,2,2,4,0,3,3,4,1,1,0,0,2,2,0,1,1
457,1,1,0,0,0,0,0,0,1,0,0,0,3,0,0,1,0,0,0,0,0
458,1,1,0,1,0,0,0,0,1,0,0,0,3,0,0,4,0,0,0,1,0
459,2,0,0,0,0,1,1,1,0,1,1,1,3,0,0,2,0,1,1,1,1
460,4,1,2,3,0,3,1,0,3,2,0,1,1,3,1,1,1,2,3,2,3
461,0,0,1,0,1,0,0,0,2,1,0,0,0,1,0,0,0,1,0,0,1
462,3,3,8,1,8,4,9,2,3,6,2,7,7,5,5,8,6,2,6,7,2
463,7,5,5,2,9,6,10,7,10,11,3,6,10,7,10,7,10,7,5,2,9
464,5,2,3,1,1,1,1,2,4,1,2,3,2,4,2,1,4,2,3,3,4
465,0,0,0,0,0,0,0,1,1,1,0,0,0,0,0,0,0,1,0,0,1
466,1,3,1,3,2,1,1,1,3,1,0,1,2,3,1,2,2,1,1,1,1
467,0,1,0,0,1,0,2,1,0,0,0,0,0,0,0,2,0,1,0,1,0
468,7,5,4,5,5,4,6,3,6,5,7,4,6,2,3,2,5,2,9,9,8
469,0,0,0,0,0,0,0,0,0,0,0,0,0,0,0,0,0,0,0,0,0
470,0,0,0,0,0,0,0,0,0,0,0,0,0,0,0,0,0,0,0,0,0
471,0,0,0,0,0,0,0,0,0,0,0,1,0,0,0,0,0,0,0,0,0
472,4,5,5,9,4,5,10,5,12,6,5,6,7,9,7,3,7,4,6,5,6
473,1,0,0,0,0,0,0,0,0,0,0,0,0,1,0,1,0,0,0,0,0
474,0,0,1,1,0,0,0,1,1,0,0,0,0,0,0,0,0,0,0,0,0
475,1,0,0,2,1,0,3,1,1,0,2,0,0,0,0,1,1,3,1,1,0
476,0,0,0,0,0,0,0,0,0,0,0,0,0,0,0,0,0,0,0,0,0
477,1,2,2,1,1,6,5,1,2,0,4,5,8,4,1,5,3,2,2,2,5
478,2,3,3,1,3,1,1,2,3,0,0,0,3,4,3,1,2,1,1,2,1
479,2,3,0,1,2,3,4,0,4,1,2,3,4,4,0,3,3,2,1,2,3
480,0,0,0,0,0,1,0,0,1,0,0,1,0,1,0,1,0,0,0,0,0
481,0,0,0,0,0,0,0,0,0,0,0,0,0,0,0,0,0,1,0,1,0
482,0,1,0,0,0,0,0,1,0,1,1,0,0,0,1,0,2,1,1,1,0
483,0,1,0,0,0,0,0,0,0,0,0,0,0,0,0,0,0,0,0,0,0
484,0,2,2,1,1,1,2,0,1,1,0,1,3,1,0,1,3,1,1,1,1
485,1,0,3,2,1,1,0,1,2,1,0,2,0,3,0,0,2,0,0,1,1
486,2,1,1,4,1,0,4,1,2,1,2,0,1,0,0,1,2,5,1,1,0
487,2,0,1,2,1,1,1,1,2,1,1,2,1,0,0,2,3,2,2,0,0
488,1,3,1,3,2,1,1,1,3,1,0,1,2,2,1,2,2,1,0,1,1
489,5,3,1,0,4,4,5,2,1,6,4,3,5,6,1,3,2,4,2,1,3
490,4,5,1,3,1,2,0,1,1,4,2,1,0,1,2,2,2,1,1,1,1
491,1,2,0,3,0,1,1,0,1,2,0,0,0,0,0,0,1,1,0,0,0
492,9,8,8,3,12,7,11,9,13,11,3,6,13,11,13,8,12,8,6,4,10
493,0,0,0,0,0,0,1,1,1,1,0,1,0,0,0,0,0,1,0,1,1
494,0,0,0,1,0,1,0,1,1,0,0,2,0,0,0,0,2,0,0,1,0
495,3,4,1,5,3,2,5,5,1,2,0,0,2,1,1,3,2,2,0,6,4
496,0,1,0,2,0,0,2,0,1,2,3,0,1,1,2,3,4,0,0,1,1
497,0,0,0,0,0,0,0,0,0,0,0,0,0,1,0,0,0,0,0,0,0
498,1,3,4,2,2,2,1,3,2,1,2,2,4,0,1,1,2,3,3,0,1
499,2,1,2,2,4,4,2,3,0,3,5,4,1,5,2,2,3,5,3,5,4
500,1,1,2,0,0,1,2,1,1,1,1,0,1,1,3,1,0,2,1,1,4
501,0,0,0,0,0,0,0,1,0,0,0,0,0,1,0,0,0,1,0,0,1
502,0,2,0,1,1,1,0,0,1,0,1,1,0,0,0,0,1,1,1,0,2
503,2,5,5,8,2,6,10,4,8,6,3,1,3,5,4,7,3,7,5,6,6
504,0,1,2,1,1,1,1,1,1,0,0,0,2,0,0,2,0,1,0,0,0
505,1,4,2,4,4,2,3,0,4,2,1,1,1,0,2,1,2,1,2,1,2
506,5,11,5,7,1,11,11,9,6,10,12,11,13,6,9,4,7,6,13,11,14
507,3,4,5,6,5,3,6,3,5,2,5,5,4,1,2,6,5,9,4,3,2
508,4,3,3,3,7,5,1,2,5,2,6,6,4,9,1,12,4,4,3,3,0
509,0,1,0,2,0,0,1,0,1,1,3,1,3,1,2,2,1,1,1,1,1
510,0,0,0,0,0,0,0,0,0,0,0,0,0,0,0,0,0,0,0,0,1
511,1,1,0,0,1,1,1,0,1,2,3,1,2,2,2,1,0,0,1,0,1
512,2,0,0,1,2,0,1,0,4,1,3,0,0,0,1,0,2,0,1,1,2
513,8,8,3,10,10,4,6,11,5,11,8,7,8,9,9,15,11,9,14,6,10
514,0,1,0,1,0,1,0,1,1,0,0,0,0,1,0,1,0,0,0,0,0
515,2,1,1,2,1,0,0,2,0,1,1,2,0,0,0,3,0,2,3,3,1
516,0,0,0,0,0,0,0,0,0,0,0,0,0,0,0,0,1,0,0,0,0
517,3,0,1,2,0,1,1,0,2,2,0,2,2,0,0,2,3,3,2,0,0
518,3,9,0,0,4,2,2,2,4,4,3,3,8,5,3,2,5,2,0,0,3
519,2,0,1,2,1,1,1,1,2,0,0,0,1,0,3,0,1,1,0,1,4
520,0,0,0,0,0,0,0,0,0,0,0,1,0,0,0,0,0,0,0,0,0
521,4,2,5,1,3,2,4,2,5,1,1,4,2,3,2,2,1,0,2,2,2
522,3,4,0,2,1,1,2,4,2,0,0,3,4,1,1,4,1,3,1,1,3
523,0,0,0,0,0,0,1,0,0,0,0,2,0,0,0,0,0,0,0,0,1
524,0,0,0,0,0,0,0,0,0,0,0,0,1,0,0,0,0,2,0,0,0
525,0,0,2,3,1,1,1,3,1,0,2,0,3,0,0,1,0,0,0,2,0
526,0,2,0,0,0,0,0,0,1,0,0,0,0,0,0,0,0,0,0,1,0
527,1,1,6,5,3,8,5,2,2,4,1,2,4,6,0,2,1,1,2,7,4
528,0,1,1,1,1,0,0,0,0,0,0,0,0,2,0,0,2,2,0,1,1
529,0,0,0,0,0,0,0,0,0,1,0,0,0,1,0,0,0,0,0,0,0
530,0,1,0,1,2,0,1,1,0,0,0,0,0,0,1,0,1,1,2,1,1
531,0,2,5,2,3,4,2,2,0,2,1,0,1,4,1,4,3,1,2,4,5
532,0,0,1,0,0,0,0,0,1,0,0,0,0,0,0,0,2,1,1,1,0
533,1,0,0,0,0,0,0,0,0,0,0,0,0,0,0,0,0,0,0,0,0
534,1,1,0,0,0,0,2,2,1,0,0,1,2,0,0,4,0,2,0,2,2
535,0,1,1,0,0,1,2,0,1,1,0,2,2,0,0,0,1,0,0,1,1
536,1,0,0,0,0,0,0,0,0,0,0,0,0,0,0,0,0,0,0,0,0
537,13,12,7,7,9,15,18,7,11,11,15,10,10,16,11,10,11,21,11,12,13
538,0,1,0,2,0,0,1,0,1,1,2,1,2,1,2,2,1,1,1,1,1
539,0,0,0,0,0,1,1,0,0,0,0,0,0,0,1,0,0,0,0,1,0
540,2,1,1,1,0,0,1,0,1,0,0,3,2,2,1,1,0,1,0,2,1
541,5,0,4,2,5,0,1,0,7,2,3,2,3,2,3,2,5,1,4,6,2
542,3,1,5,5,4,1,6,2,4,2,2,1,1,1,1,5,3,6,1,3,0
543,2,2,0,2,1,1,2,2,1,0,0,1,2,1,1,1,1,0,1,0,2
544,1,2,1,1,0,0,2,2,2,0,0,3,3,1,0,4,1,1,1,3,3
545,0,1,0,0,0,0,0,1,0,0,0,0,0,0,0,0,0,0,0,0,0
546,0,0,0,0,0,0,0,0,0,0,0,0,0,0,0,0,0,0,0,0,0
547,1,2,2,1,1,3,0,0,1,2,1,3,1,3,2,2,2,2,1,3,1
548,0,0,0,0,0,0,0,0,0,0,0,0,0,0,0,0,0,0,0,0,0
549,2,2,4,1,1,3,2,4,0,2,2,1,4,1,1,1,4,1,2,3,3
550,0,0,0,0,0,0,0,0,0,0,0,0,0,0,0,0,0,0,0,0,0
551,6,2,6,2,6,5,3,5,4,4,2,5,5,2,5,3,6,1,2,4,2
552,3,5,2,7,5,1,3,4,6,2,4,4,6,2,2,3,2,3,3,6,3
553,1,1,4,4,10,7,5,2,3,6,4,3,2,5,0,1,5,2,2,9,3
554,4,4,4,4,7,1,5,7,3,4,3,5,2,4,2,5,5,3,5,6,8
555,0,1,0,2,1,1,0,2,0,1,0,0,0,2,0,0,0,0,1,0,0
556,1,1,1,1,1,3,2,3,1,1,1,3,5,2,3,2,3,0,2,1,0
557,0,0,2,1,0,5,2,0,2,3,1,0,1,1,0,2,1,1,0,2,1
558,0,0,0,0,0,0,0,0,0,0,0,0,0,0,0,0,0,1,0,0,0
559,1,1,2,1,0,0,1,2,0,0,0,1,0,0,0,2,0,1,0,1,0
560,2,1,4,1,0,1,1,0,0,0,3,1,1,3,1,1,0,0,0,3,0
561,5,3,4,3,3,4,4,2,4,2,1,5,10,2,2,3,1,4,5,2,2
562,1,1,1,0,1,0,1,1,0,2,1,2,2,1,5,3,1,0,2,0,0
563,3,2,1,1,2,4,0,3,0,1,0,1,5,0,4,2,2,3,3,0,0
564,1,1,3,1,1,3,2,3,3,4,4,1,2,3,3,2,6,3,4,3,0
565,0,0,0,1,2,0,0,0,0,1,0,0,0,0,0,1,0,0,0,1,0
566,0,1,0,0,0,0,0,0,1,1,2,1,0,0,3,0,0,1,0,0,0
567,1,3,4,6,3,2,0,3,2,4,2,1,1,4,1,2,1,3,3,2,4
568,0,1,0,0,0,0,0,0,1,0,0,0,0,0,0,0,0,0,0,0,0
569,2,1,2,4,2,3,3,2,2,0,2,5,1,2,3,4,1,6,2,0,2
570,0,2,0,2,2,1,3,3,3,3,1,5,3,4,2,0,4,1,0,2,3
571,3,3,6,2,6,5,0,3,2,3,3,2,5,3,3,3,7,3,5,4,5
572,2,0,0,0,1,1,0,0,1,0,0,0,0,0,0,1,2,0,2,0,0
573,1,0,2,2,1,1,0,1,1,1,0,2,0,3,0,0,2,0,0,1,0
574,1,3,6,2,5,4,0,3,1,3,3,2,5,3,3,2,5,3,3,4,5
575,0,0,1,2,2,0,2,1,2,0,0,1,1,0,1,0,1,1,1,2,0
576,2,3,2,0,6,0,4,0,1,3,2,0,1,3,2,1,4,1,2,1,0
577,0,1,0,0,0,0,0,0,0,0,0,0,0,0,0,0,0,0,0,0,0
578,0,2,1,1,1,0,1,1,0,0,0,0,0,1,1,1,0,1,0,2,1
579,0,1,0,0,0,0,0,0,0,0,0,0,0,0,0,0,1,0,0,0,0
580,1,0,0,0,0,0,1,0,1,0,0,0,0,0,0,2,0,1,0,0,1
581,1,3,1,0,1,0,0,3,1,2,0,3,0,0,0,1,0,0,1,1,2
582,1,0,0,0,0,0,0,1,0,0,0,2,0,0,0,1,0,0,0,1,1
583,0,3,1,0,1,0,0,2,1,2,0,1,0,0,0,0,0,0,1,0,1
584,6,0,2,2,8,1,1,3,2,3,1,0,3,3,1,5,0,1,1,2,3
585,7,4,5,3,2,3,3,5,2,2,3,2,1,1,3,1,3,2,1,4,4
586,1,1,0,1,0,0,2,2,1,2,2,0,1,0,0,0,0,0,0,0,1
587,0,0,0,0,0,0,0,0,0,0,0,0,0,0,0,0,0,0,0,0,0
588,3,4,6,1,4,1,3,3,1,0,5,3,2,4,2,3,7,6,5,4,3
589,1,1,0,0,1,0,0,0,0,0,0,0,1,0,1,0,1,0,1,0,1
590,4,3,6,1,2,1,5,7,3,1,1,3,2,2,2,3,4,3,1,8,5
591,0,1,0,0,0,0,1,0,0,0,0,1,1,0,0,0,0,0,0,1,0
592,1,3,1,0,2,1,1,1,3,3,1,1,3,0,1,1,1,4,4,0,2
593,7,4,3,0,5,3,1,2,5,2,6,2,1,3,3,3,3,5,3,3,2
594,0,0,0,0,0,0,0,0,0,0,0,0,0,0,0,0,0,0,0,0,0
595,0,2,0,0,0,0,1,1,1,0,0,0,0,1,2,2,0,0,0,1,2
596,2,3,0,3,0,3,0,1,2,4,1,2,3,3,3,0,0,1,0,3,3
597,2,3,1,5,1,8,3,3,3,8,5,2,5,2,3,3,5,4,7,0,3
598,0,0,0,0,0,0,0,0,0,0,0,0,0,1,0,0,0,0,0,0,0
599,0,0,0,0,0,0,1,0,0,1,0,0,0,1,0,1,1,0,0,0,0
600,0,8,3,1,0,2,0,1,0,1,3,0,2,0,1,1,4,2,2,0,1
601,6,5,1,9,3,4,5,7,3,2,8,9,4,7,2,7,7,8,13,5,6
602,0,0,0,0,0,1,0,0,0,0,0,0,0,0,0,1,0,1,0,0,0
603,4,1,1,0,0,3,1,1,0,1,1,0,1,1,1,2,1,1,1,0,5
604,4,2,7,4,12,12,10,8,8,8,6,7,9,10,1,8,7,4,6,16,4
605,12,14,14,10,13,9,10,11,15,15,9,15,12,11,11,9,8,9,12,13,9
606,1,0,0,0,1,0,0,0,1,0,0,0,1,0,0,0,1,1,0,1,0
607,4,3,2,2,1,0,2,4,3,1,1,0,5,5,1,3,5,5,2,1,4
608,0,0,0,0,0,0,1,0,3,0,0,0,0,0,0,0,0,0,2,0,0
609,0,0,0,1,0,0,0,0,0,0,0,0,0,1,0,0,0,0,1,0,0
610,1,0,1,0,0,0,1,0,0,0,0,0,0,0,0,1,0,0,1,0,0
611,2,2,1,0,2,2,2,2,2,3,1,1,1,1,3,1,2,0,0,1,7
612,1,1,1,0,2,4,4,1,6,3,4,3,3,2,1,2,2,1,5,2,4
613,0,1,0,0,0,0,0,0,1,1,0,1,0,0,0,0,0,0,0,0,0
614,0,0,0,0,0,0,0,0,0,0,0,1,0,1,2,1,0,0,0,1,0
615,1,2,1,1,0,2,1,4,2,0,1,1,3,2,1,3,0,0,0,1,0
616,1,1,4,1,2,1,2,1,4,3,1,4,0,2,2,3,0,1,1,2,1
617,0,0,0,0,0,0,1,1,0,0,0,0,0,0,0,0,0,0,0,0,1
618,0,3,6,5,2,1,0,0,2,2,2,1,1,4,1,2,2,3,2,1,4
619,1,0,2,1,1,2,1,2,1,1,0,1,1,2,1,0,3,0,1,0,1
620,3,3,5,6,5,3,6,2,5,2,5,5,4,1,2,6,5,9,4,2,1
621,0,0,0,0,0,0,0,0,0,0,0,0,0,0,0,0,0,1,0,0,0
622,1,1,1,1,0,1,1,1,2,0,1,0,2,0,0,1,1,1,0,1,0
623,1,3,5,2,3,1,2,2,0,6,3,2,2,0,2,2,1,2,3,1,1
624,4,4,7,3,4,2,3,3,2,1,5,4,4,5,3,3,6,7,3,4,4
625,0,2,1,0,0,1,2,0,1,1,0,1,2,0,0,1,0,2,1,1,0
626,0,1,0,0,1,0,0,0,0,0,1,0,1,0,0,0,0,0,0,1,0
627,1,3,0,1,1,0,1,0,2,1,0,3,0,3,1,2,0,0,0,1,1
628,0,0,0,1,0,0,0,1,0,0,0,0,0,0,0,0,0,0,0,0,0
629,0,0,0,0,0,0,0,0,0,0,0,1,0,0,0,0,0,0,0,0,0
630,0,0,0,0,0,0,0,1,0,0,1,0,1,0,0,0,1,0,2,0,0
631,6,8,7,11,2,7,11,6,8,6,5,3,8,9,6,7,4,10,6,7,9
632,0,0,0,0,0,0,0,1,0,0,0,0,1,0,0,0,0,0,0,0,0
633,1,3,0,0,1,0,4,1,3,1,2,1,2,1,2,4,2,3,0,1,1
634,0,2,1,3,0,1,0,0,1,1,2,2,0,2,2,1,0,1,1,1,0
635,2,3,0,1,2,3,2,1,1,1,1,0,1,3,2,3,3,4,2,5,1
636,0,0,1,1,0,0,1,3,0,1,0,0,0,0,0,0,0,1,0,0,0
637,2,2,1,0,2,2,0,0,0,0,2,1,0,1,1,1,1,2,1,0,1
638,4,4,7,6,6,4,3,3,3,3,3,4,4,1,4,3,1,1,4,3,2
639,1,0,1,2,0,0,0,1,0,0,1,0,1,0,0,1,0,2,1,1,0
640,1,0,0,0,1,0,1,0,1,1,1,0,1,0,0,1,1,0,0,2,0
641,2,2,3,3,4,2,1,5,5,3,4,2,6,5,5,0,3,3,5,2,3
642,5,4,5,1,2,10,5,5,4,3,4,10,11,1,3,6,3,2,8,6,5
643,0,0,0,0,0,0,0,0,0,0,0,0,0,0,0,0,0,0,0,0,0
644,2,3,2,2,4,4,5,3,4,3,3,1,1,7,2,8,3,1,3,3,7
645,3,5,4,2,4,5,7,4,8,3,4,2,4,8,5,10,4,4,4,3,9
646,2,2,3,3,4,2,1,5,5,3,4,2,6,5,5,0,3,3,5,2,3
647,1,0,2,0,1,0,0,0,0,0,0,0,0,1,0,0,2,0,0,0,1
648,2,3,2,4,3,4,4,2,3,2,4,1,2,0,2,1,1,4,1,2,1
649,2,3,2,4,3,2,6,6,1,5,3,3,4,3,2,3,1,1,4,4,2
650,2,3,2,4,3,3,2,3,0,2,2,9,2,1,5,4,1,2,2,2,3
651,4,0,0,1,1,1,1,1,0,4,1,1,3,1,0,3,1,1,1,2,1
652,0,0,0,0,0,0,0,0,0,0,0,0,0,0,0,0,0,0,0,0,0
653,1,0,1,0,0,1,0,0,0,0,2,1,1,0,1,0,0,0,1,0,0
654,1,0,4,1,4,1,1,0,3,2,1,5,1,2,0,2,1,2,2,3,1
655,6,0,0,5,3,1,5,2,2,2,3,3,3,5,5,5,2,3,2,4,1
656,0,0,0,1,0,0,0,0,0,0,0,0,0,0,2,0,0,0,0,0,0
657,3,2,2,3,2,3,3,1,5,2,2,6,1,1,5,1,2,0,3,3,5
658,2,1,0,1,2,0,0,0,2,0,0,1,1,2,0,1,2,0,2,1,1
659,0,0,1,0,0,0,0,0,0,0,0,0,0,0,0,1,0,0,0,1,0
660,2,2,1,1,3,2,3,3,1,0,1,1,0,0,1,2,5,2,0,2,0
661,3,5,2,2,1,6,4,2,6,3,0,3,2,3,3,7,3,2,2,2,4
662,3,1,5,1,4,0,2,2,1,2,2,2,2,1,3,2,1,1,4,2,2
663,0,0,0,1,1,0,0,1,0,0,0,0,1,1,0,1,0,0,0,0,2
664,0,0,0,0,0,0,0,0,0,0,0,0,0,0,0,0,0,0,0,0,0
665,0,1,0,0,0,0,1,0,0,0,0,0,1,0,0,0,0,0,0,1,0
666,3,4,3,6,4,7,3,3,9,3,1,2,2,6,5,3,4,4,0,6,4
667,0,0,0,1,0,0,0,0,1,1,0,0,0,2,0,0,2,0,1,0,0
668,1,1,1,0,2,4,4,1,6,3,4,3,3,2,1,2,2,1,5,2,4
669,2,4,4,8,1,5,8,2,8,5,2,1,2,4,4,6,2,4,3,4,5
670,0,0,0,0,0,0,0,0,0,0,1,0,0,0,0,0,0,0,0,0,0
671,0,0,0,0,0,0,0,0,0,0,0,2,0,0,0,0,0,0,0,0,0
672,8,5,6,6,4,7,6,6,7,4,6,4,7,1,4,2,7,5,4,7,8
673,0,1,0,0,0,0,0,0,2,0,0,0,0,0,0,0,1,0,1,0,2
674,0,0,0,0,0,0,0,0,0,0,0,0,0,0,0,0,0,0,0,0,0
675,1,1,2,2,0,1,1,3,1,0,2,4,0,3,1,0,4,1,0,1,3
676,0,1,0,1,0,0,1,1,0,1,0,1,0,0,0,0,0,0,0,1,1
677,0,2,1,0,2,2,1,0,1,0,0,0,0,0,0,0,0,0,0,0,0
678,0,0,0,0,0,0,0,0,0,0,0,0,0,0,0,0,0,0,0,0,0
679,2,0,0,1,2,1,0,0,0,3,1,0,0,1,0,1,1,0,0,2,0
680,0,1,0,1,1,3,3,0,0,0,2,3,5,3,0,3,2,0,1,0,4
681,0,0,1,1,0,0,0,0,0,0,0,0,0,0,0,2,0,0,1,0,0
682,0,0,0,0,0,1,1,0,0,0,1,0,0,0,0,0,0,0,0,0,0
683,0,0,0,1,0,0,1,0,0,0,0,0,0,0,0,0,0,0,1,0,1
684,2,2,2,0,1,1,2,0,3,2,1,1,3,3,0,1,4,0,0,0,0
685,0,0,0,0,0,0,0,0,0,1,0,0,0,0,0,0,0,0,0,0,0
686,2,3,2,0,1,1,2,2,1,2,1,0,1,3,1,2,0,1,0,0,0
687,1,3,0,2,2,1,1,1,1,2,1,1,1,1,0,0,2,0,2,1,0
688,4,5,1,1,4,4,2,7,2,3,0,4,2,3,3,4,5,2,3,2,5
689,0,0,0,0,0,0,0,1,1,0,0,0,0,0,0,0,0,0,0,0,0
690,1,2,4,2,2,0,1,2,0,0,0,4,5,1,3,4,1,4,5,1,7
691,3,1,3,2,4,4,4,2,1,2,3,1,3,3,2,4,2,8,3,3,3
692,0,0,0,0,0,0,0,0,0,0,0,0,0,0,0,0,0,0,0,0,0
693,0,0,1,1,1,1,0,1,0,0,1,0,0,0,2,0,0,0,0,0,0
694,2,5,5,8,1,6,10,4,8,6,3,1,3,5,4,7,3,7,5,6,6
695,2,1,2,1,1,0,2,0,1,1,1,2,1,2,1,2,1,0,1,0,1
696,3,2,1,1,2,0,1,2,1,1,1,3,1,5,1,0,2,1,0,1,0
697,0,0,0,0,0,0,0,0,0,0,0,0,0,0,0,0,0,0,0,0,0
698,0,0,0,0,0,0,0,0,1,1,0,0,0,1,0,0,2,0,0,0,0
699,0,0,0,0,0,0,0,0,0,0,0,0,1,0,0,0,0,0,0,0,0
700,1,2,1,1,2,3,2,1,1,0,1,1,0,0,2,0,0,3,0,1,0
701,1,1,1,3,1,1,2,1,2,2,3,0,2,0,0,1,1,1,1,2,1
702,0,0,0,0,0,0,0,0,0,0,0,0,1,1,0,0,0,0,0,0,0
703,1,0,0,0,0,0,0,0,0,0,0,0,0,0,0,0,0,0,0,1,0
704,0,0,0,0,0,0,0,0,1,1,0,1,0,0,0,0,0,0,0,0,0
705,1,2,2,1,1,2,2,3,4,3,1,2,1,2,4,1,2,2,1,1,2
706,0,0,0,0,0,0,0,0,0,0,0,0,0,0,0,0,0,0,0,0,0
707,1,4,3,4,3,3,1,1,4,4,2,1,2,3,2,3,5,4,2,1,3
708,1,1,0,3,1,1,1,0,1,0,1,0,1,1,0,0,1,0,1,2,1
709,6,4,5,1,2,11,6,5,5,3,5,10,13,2,4,6,3,4,8,6,5
710,0,0,0,0,1,0,0,0,0,1,0,0,0,1,0,0,1,0,0,0,0
711,1,1,0,0,1,0,1,1,0,0,0,1,0,0,0,1,0,1,0,0,0
712,0,0,1,0,0,0,0,1,1,0,0,0,0,1,0,1,1,0,0,0,1
713,0,0,0,0,0,0,0,0,0,0,1,1,0,0,0,0,0,0,0,0,1
714,7,4,3,4,8,4,9,6,10,4,8,8,5,8,5,6,7,6,7,12,2
715,1,1,2,2,2,0,2,1,3,2,0,2,3,0,1,1,2,4,4,2,1
716,2,1,2,2,1,0,2,1,4,0,1,6,1,1,4,1,0,0,2,1,3
717,1,0,0,0,0,0,0,1,1,0,0,1,0,0,0,1,1,0,0,1,0
718,1,2,0,1,1,1,1,1,2,1,1,0,1,0,2,0,0,0,0,2,1
719,3,0,2,1,1,0,2,1,4,0,1,7,0,1,3,2,1,0,2,2,3
720,0,0,0,0,0,0,0,0,0,0,0,0,0,0,0,0,0,0,0,0,0
721,1,1,0,0,1,1,1,0,1,1,1,0,0,0,1,0,0,0,0,2,1
722,3,3,6,4,2,2,3,2,8,3,3,2,1,2,2,3,3,2,4,5,3
723,0,1,1,1,1,0,0,0,0,0,1,1,0,2,0,0,2,1,0,0,2
724,0,0,0,0,0,0,0,0,0,0,0,0,0,0,0,0,0,0,0,0,0
725,0,0,0,0,1,0,0,0,0,1,1,0,0,0,0,0,1,1,0,0,0
726,4,4,6,7,3,3,4,2,9,3,4,2,2,3,2,3,4,2,5,7,4
727,1,1,3,1,2,1,2,1,2,2,1,4,0,2,2,3,0,1,1,2,0
728,4,3,2,2,1,6,6,3,3,3,3,4,2,2,5,3,2,3,2,2,5
729,0,0,0,0,0,0,0,0,0,1,1,2,1,0,1,0,0,1,0,0,0
730,0,0,0,0,0,0,0,0,0,0,0,0,0,0,0,0,0,0,0,0,0
731,8,7,1,5,4,9,6,7,6,3,3,3,2,9,4,6,1,6,6,7,6
732,3,1,2,4,1,0,1,4,3,2,4,4,3,6,4,3,2,2,2,3,4
733,3,1,0,0,3,3,0,2,0,2,3,0,0,2,1,1,2,2,1,0,3
734,0,0,0,0,0,0,0,0,0,0,0,0,0,0,0,0,0,0,0,0,0
735,3,0,1,2,1,1,1,0,2,2,1,2,2,0,0,2,4,4,2,0,0
736,2,1,1,1,0,0,1,0,0,0,0,1,0,0,1,0,0,0,0,1,1
737,0,3,3,4,1,1,0,2,1,1,1,1,1,3,1,1,1,1,3,0,3
738,0,0,0,0,0,0,0,0,0,0,0,0,1,0,0,0,0,0,0,0,0
739,1,0,0,0,0,0,0,1,1,0,0,1,0,1,1,1,1,0,1,0,2
740,2,0,2,0,0,0,2,1,1,0,2,3,2,1,2,0,4,2,2,0,3
741,0,0,1,0,1,2,0,0,0,0,1,0,1,1,0,0,0,0,0,0,0
742,3,2,2,2,6,2,2,2,1,1,3,3,2,1,3,0,2,2,0,0,1
743,1,2,2,1,1,2,0,0,0,2,1,2,1,2,2,1,2,1,1,3,1
744,2,3,4,1,2,2,1,2,2,1,2,3,1,3,1,3,8,0,0,5,4
745,0,0,0,0,0,0,0,0,0,0,0,0,0,0,0,0,0,0,0,0,0
746,0,0,0,0,0,0,0,0,0,0,0,0,0,0,0,1,1,0,0,1,0
747,2,3,1,2,0,0,1,2,0,0,1,1,2,3,0,0,0,3,1,1,3
748,0,0,0,0,0,0,1,0,0,0,0,0,0,0,0,1,0,1,0,0,0
749,3,7,0,3,2,3,4,3,3,0,1,2,0,3,3,4,1,3,2,4,1
750,0,2,0,2,2,1,3,3,3,3,1,5,3,5,2,0,4,1,0,2,3
751,3,3,5,6,5,2,6,2,5,2,2,1,1,1,1,5,4,6,1,3,2
752,0,1,0,0,0,1,0,1,0,0,3,4,3,0,1,1,1,3,3,0,0
753,0,1,0,0,0,0,0,0,0,0,0,0,0,0,0,0,0,0,0,0,0
754,0,0,3,1,3,1,0,0,1,0,1,2,1,2,0,0,0,1,0,0,1
755,2,0,1,2,0,1,0,0,0,0,1,1,3,2,2,0,1,1,0,0,0
756,0,0,1,1,1,0,1,1,1,0,1,3,0,0,1,1,1,0,2,0,0
757,1,1,1,1,1,1,0,2,0,0,1,1,0,2,0,2,1,1,2,2,0
758,0,1,0,0,0,0,0,0,0,0,1,0,0,0,1,0,0,0,0,0,0
759,0,3,0,1,1,2,0,1,1,0,3,4,3,0,1,1,2,3,3,0,2
760,1,1,2,2,2,2,2,2,6,1,1,3,3,2,4,5,2,6,0,1,1
761,0,0,0,1,1,0,1,0,1,2,1,0,1,1,2,1,1,1,1,1,2
762,2,1,2,1,3,1,2,1,0,1,1,2,2,1,2,1,3,0,1,1,2
763,2,1,1,0,2,0,1,1,2,1,1,1,1,1,2,1,0,0,0,1,4
764,6,3,4,5,7,11,6,5,5,4,6,5,8,6,10,6,8,9,8,5,4
765,0,0,0,0,1,0,0,0,0,0,0,0,0,0,1,0,0,0,0,0,0
766,2,5,5,8,1,6,10,4,8,6,3,1,3,5,4,7,3,7,5,6,6
767,0,1,0,0,1,0,0,0,0,0,1,0,1,0,0,0,0,0,0,1,0
768,4,7,3,1,1,6,5,7,1,5,9,7,5,7,4,2,8,5,2,2,8
769,0,0,0,0,0,0,0,0,0,0,0,1,0,0,0,0,0,0,0,0,1
770,0,0,1,0,0,0,0,0,0,1,0,0,0,0,0,0,0,1,0,0,0
771,0,1,1,1,1,0,1,0,1,0,1,0,1,2,1,0,0,0,0,1,1
772,2,0,0,3,0,0,0,1,1,2,0,3,1,0,4,0,1,0,2,0,0
773,1,0,0,0,0,0,1,0,0,0,0,0,0,0,1,0,0,0,0,0,0
774,2,2,2,1,2,0,1,5,1,2,2,1,6,3,1,0,1,0,3,0,0
775,0,0,0,0,0,0,0,0,0,0,0,1,0,1,1,0,0,0,0,0,0
776,1,2,0,0,1,0,1,1,0,0,2,1,0,2,0,4,4,2,3,3,1
777,0,0,0,2,0,0,0,0,1,0,0,0,0,0,0,0,0,0,0,0,0
778,0,0,0,0,0,0,1,0,0,0,0,0,0,0,0,1,0,0,0,0,0
779,0,0,0,1,0,0,0,1,0,1,0,1,0,0,0,0,0,0,0,1,1
780,0,0,0,1,0,1,1,1,0,0,1,0,0,0,0,0,0,1,0,0,0
781,0,0,0,0,1,0,1,1,0,0,0,0,1,1,0,0,0,0,0,0,1
782,1,2,4,2,4,2,2,1,0,5,5,4,2,2,0,5,4,0,1,1,4
783,2,1,4,4,9,3,4,2,4,4,4,5,4,1,2,1,2,6,3,4,4
784,0,0,0,0,1,0,0,0,0,0,0,0,0,0,0,0,0,0,0,0,0
785,0,0,0,0,0,0,0,0,0,0,0,0,0,0,0,0,0,0,0,0,1
786,0,1,1,0,0,1,1,0,1,0,1,2,0,0,0,2,2,0,1,0,0
787,0,0,0,1,0,1,0,0,0,0,1,0,0,0,0,0,0,0,0,0,0
788,1,0,2,1,2,0,0,1,1,4,0,0,0,1,0,1,1,3,0,2,1
789,0,3,3,5,1,2,0,2,1,1,2,1,1,3,1,1,1,1,3,0,3
790,3,4,2,2,1,5,1,1,2,2,4,2,2,6,2,4,1,6,3,1,2
791,0,1,2,2,0,1,2,0,2,1,0,0,0,0,0,0,2,0,0,3,0
792,0,1,1,0,2,1,1,0,1,1,0,1,0,0,1,0,0,1,1,1,0
793,0,2,0,3,3,1,2,0,2,1,0,0,0,0,0,1,2,0,0,1,1
794,5,4,2,4,3,0,4,3,2,1,2,0,6,2,3,1,2,3,2,3,1
795,1,3,4,5,2,1,0,3,2,4,2,1,1,4,1,1,1,3,3,1,4
796,1,1,0,0,0,0,0,0,0,0,0,0,2,0,0,0,0,0,0,0,0
797,0,0,0,0,0,0,0,2,0,0,0,1,0,0,0,1,0,0,0,0,0
798,2,1,1,2,2,4,1,1,1,1,2,1,1,2,1,4,1,0,3,0,4
799,0,2,2,1,1,1,2,0,1,1,0,2,3,1,0,1,3,1,1,1,2
800,5,4,2,2,7,3,1,3,1,3,2,3,5,4,6,2,2,5,3,3,2
801,0,1,1,1,0,2,5,3,2,1,3,1,2,1,2,1,2,2,2,1,0
802,3,6,2,5,3,2,6,7,1,3,1,2,3,3,1,3,2,4,0,7,5
803,0,0,0,0,0,0,0,1,1,0,0,0,0,0,0,0,0,0,0,1,1
804,1,1,0,0,0,0,0,0,0,0,1,0,0,0,0,0,3,0,0,0,0
805,0,2,0,2,2,1,3,3,3,3,1,5,3,4,2,0,4,1,0,2,3
806,0,0,1,1,0,0,0,0,0,0,0,0,2,0,0,0,0,0,0,1,0
807,0,1,5,1,3,1,0,1,2,2,1,1,1,3,5,4,0,0,5,3,2
808,2,0,0,0,0,1,1,1,0,1,1,1,3,0,0,2,0,1,1,1,1
809,2,3,8,3,2,1,3,5,2,1,2,3,2,2,4,4,4,2,1,1,1
810,2,1,1,0,1,0,0,2,2,0,1,0,0,0,0,1,0,1,0,0,1
811,1,3,0,0,0,0,2,0,3,0,2,1,2,1,1,3,2,2,0,0,1
812,2,1,0,1,2,0,0,0,2,0,0,1,1,2,0,1,2,0,2,1,1
813,1,1,0,1,1,2,3,1,3,1,0,1,0,1,1,0,0,1,0,1,2
814,0,0,0,0,0,0,2,0,0,0,0,1,0,0,0,0,0,0,0,0,0
815,1,0,0,2,1,0,1,0,0,0,1,1,1,1,0,1,2,0,1,0,1
816,2,3,5,3,3,5,3,3,6,2,3,2,2,9,4,7,3,1,4,3,8
817,0,0,1,0,0,0,0,0,1,0,0,0,0,0,0,0,2,1,1,2,0
818,3,0,3,1,3,0,0,0,2,1,0,2,3,2,2,2,1,0,2,3,0
819,0,0,0,0,0,0,0,0,0,0,0,0,0,0,0,0,1,0,0,0,0
820,0,0,0,0,1,2,0,1,0,0,0,3,0,0,0,0,0,1,0,0,0
821,1,1,0,0,0,1,0,0,1,1,1,0,1,0,0,0,0,0,0,0,0
822,3,5,3,3,4,0,3,3,2,1,3,3,4,2,3,0,2,2,3,5,3
823,1,1,1,4,0,3,1,1,2,6,1,0,1,4,2,2,2,3,3,1,0
824,0,0,3,1,0,0,0,2,0,0,0,0,4,0,0,0,0,1,1,1,0
825,0,1,0,2,0,0,0,0,0,3,1,1,0,0,0,0,0,0,1,2,0
826,2,0,2,1,1,2,0,4,0,1,0,0,1,0,1,0,1,2,0,4,0
827,3,1,4,4,4,2,5,2,3,2,4,4,4,1,2,6,4,8,3,3,0
828,8,5,6,4,4,12,10,5,5,3,6,10,15,5,5,7,5,7,10,7,7
829,0,1,1,1,0,0,1,1,1,0,0,0,0,0,0,0,0,0,0,0,0
830,0,0,0,0,0,0,0,0,0,0,0,0,1,1,0,0,0,0,0,0,0
831,0,0,0,0,0,0,0,0,0,0,0,0,0,0,0,0,0,0,0,0,0
832,0,0,0,0,0,0,1,0,0,0,0,0,0,0,0,0,0,0,0,0,0
833,2,1,0,0,0,0,1,0,0,0,2,0,0,0,0,0,0,0,0,0,0
834,0,0,0,0,0,0,0,0,2,0,0,0,0,0,0,0,0,0,0,0,0
835,1,0,0,1,0,0,0,1,0,0,1,0,1,0,0,2,1,0,2,0,1
836,1,1,0,0,0,0,1,2,0,0,1,1,0,2,0,0,1,0,1,1,1
837,2,0,0,0,0,0,0,0,1,1,5,0,2,0,1,0,0,1,0,3,1
838,4,2,6,2,5,0,1,3,2,0,5,4,2,5,2,2,5,7,1,2,3
839,0,0,0,0,0,0,0,0,0,0,0,0,0,0,0,0,1,0,0,0,0
840,0,1,0,0,2,2,1,2,0,1,1,2,2,1,0,2,1,0,1,0,0
841,1,1,2,2,3,1,1,2,1,1,0,1,1,2,0,0,3,0,2,1,2
842,1,4,1,0,3,1,3,3,1,2,3,2,3,2,1,3,1,4,1,1,5
843,2,1,0,1,2,0,0,0,2,0,0,1,1,2,0,1,2,0,2,1,1
844,0,0,1,1,0,0,0,0,0,0,0,0,1,0,0,1,1,0,1,0,0
845,0,1,0,1,0,0,2,2,1,0,0,2,3,2,0,4,0,2,0,4,1
846,1,1,2,0,0,3,2,1,2,0,2,2,3,1,1,2,1,2,1,2,1
847,6,4,4,6,4,3,2,1,6,3,2,1,5,3,1,0,3,2,2,2,0
848,0,0,0,0,0,0,0,0,0,0,0,0,0,0,0,0,0,0,0,0,0
849,5,0,4,5,0,3,0,5,4,4,5,2,4,4,1,3,4,1,4,1,3
850,0,0,0,0,0,0,0,0,0,0,0,1,0,0,0,0,0,1,1,0,0
851,0,0,0,0,0,0,0,0,0,1,0,0,0,0,0,0,0,0,0,0,0
852,4,5,1,7,3,2,7,5,2,3,2,1,5,4,3,5,3,4,1,7,7
853,2,1,0,0,0,1,0,0,0,0,1,0,2,2,0,0,0,0,0,2,0
854,0,0,0,0,0,0,0,1,0,0,0,0,0,0,0,1,1,0,0,0,0
855,0,3,1,0,2,1,2,3,0,2,0,3,1,2,1,1,1,1,0,3,1
856,0,1,0,0,0,0,1,0,0,0,0,0,0,0,0,0,1,0,0,0,0
857,2,2,1,4,6,6,2,2,0,4,0,3,1,3,1,2,4,3,4,3,5
858,0,0,0,0,0,0,0,0,0,0,0,0,0,0,0,0,0,0,0,0,0
859,1,0,0,0,0,0,1,0,0,1,0,0,0,1,0,2,1,0,0,0,0
860,0,1,0,2,0,0,1,0,1,0,0,0,1,0,0,0,0,0,0,0,0
861,0,0,0,0,0,1,0,2,0,1,1,2,1,0,0,1,0,0,0,0,0
862,0,0,0,0,0,0,0,0,0,0,0,0,0,0,0,0,0,0,0,0,0
863,0,0,0,0,1,0,1,1,0,0,0,0,0,0,0,0,0,1,0,0,0
864,1,0,0,0,0,0,0,0,0,0,0,0,0,0,0,0,0,0,0,0,1
865,0,2,2,2,2,1,0,3,0,2,4,1,0,1,2,0,0,2,2,1,1
866,0,0,0,0,1,0,0,0,0,2,1,0,0,1,0,0,1,1,0,0,0
867,1,3,5,6,3,2,0,3,2,5,2,1,1,4,1,2,1,4,3,2,4
868,4,1,2,2,0,3,1,0,3,2,0,1,1,3,1,1,1,2,3,2,3
869,2,5,5,8,2,6,10,4,8,6,3,1,3,5,4,7,3,7,5,6,6
870,0,0,0,0,0,0,0,0,0,0,0,0,0,0,0,0,0,0,0,0,0
871,2,1,0,1,3,2,1,0,2,0,2,1,0,2,0,2,1,2,1,1,2
872,0,0,0,1,1,1,0,1,0,0,0,0,1,0,0,0,0,0,1,0,0
873,0,1,1,1,1,1,3,2,1,2,0,1,1,1,1,1,2,1,0,2,1
874,0,0,0,1,1,0,0,1,1,0,1,2,0,0,1,1,0,0,1,0,0
875,2,3,3,3,4,3,1,3,6,4,4,2,8,6,5,2,2,2,6,3,2
876,3,0,2,2,1,3,4,4,0,2,3,2,1,1,4,2,3,1,3,4,3
877,2,2,0,0,2,2,0,0,3,1,1,2,1,1,0,1,1,2,1,2,1
878,0,2,2,3,1,1,2,0,0,1,1,2,2,2,0,5,3,0,1,1,2
879,4,3,2,5,1,3,4,4,2,2,8,7,4,2,3,3,6,3,4,3,3
880,0,3,4,5,1,2,0,2,1,2,2,1,1,3,1,1,1,1,3,0,3
881,1,3,5,5,3,1,0,3,2,5,1,1,1,4,1,2,2,3,3,2,4
882,0,0,1,1,0,1,0,0,0,1,1,0,0,0,0,0,0,1,0,0,0
883,0,0,0,0,0,0,0,1,0,0,0,0,0,0,0,0,0,0,0,0,1
884,0,3,2,1,1,0,1,1,1,3,4,1,1,2,0,1,0,4,1,1,1
885,0,1,1,1,0,0,0,0,0,0,0,1,0,1,1,0,1,0,0,1,0
886,8,5,7,7,5,4,5,6,6,4,5,3,8,2,2,5,2,0,2,5,6
887,1,2,2,1,2,1,4,2,1,3,0,0,0,1,3,5,3,1,0,3,2
888,0,0,0,0,0,0,0,0,0,0,0,0,0,0,0,0,0,0,0,0,0
889,0,0,0,0,0,0,0,0,0,0,0,0,0,0,0,0,0,0,0,0,0
890,1,2,3,0,0,1,1,2,0,0,0,0,1,3,2,0,2,2,0,2,0
891,0,0,0,0,0,0,0,0,0,0,0,0,0,0,0,0,0,2,0,1,0
892,1,3,5,6,3,2,0,3,2,5,2,1,1,4,1,2,2,2,3,1,4
893,0,1,2,2,2,2,2,2,6,1,1,3,3,2,4,4,2,6,0,1,1
894,0,0,1,0,0,0,0,0,0,0,0,0,0,0,1,1,0,1,0,0,0
895,12,14,14,9,13,9,10,11,15,15,9,15,12,11,11,9,8,9,12,13,9
896,1,3,2,1,3,1,4,3,2,3,0,0,0,2,3,8,3,1,0,4,3
897,0,2,0,0,3,0,2,0,0,2,0,3,0,0,0,1,1,2,2,0,2
898,2,1,0,1,3,1,3,0,2,2,1,1,2,3,3,1,2,0,4,1,1
899,2,1,1,4,1,2,0,1,3,1,1,2,1,2,0,0,4,2,1,1,1
900,2,0,0,1,0,0,0,0,0,1,0,0,0,0,1,0,0,0,1,0,0
901,1,1,2,1,0,0,0,1,0,0,1,1,1,0,1,0,0,0,2,0,0
902,0,0,0,0,0,1,1,0,0,0,0,0,1,0,0,0,0,0,0,0,0
903,0,0,0,1,0,0,0,0,0,0,0,0,0,0,0,0,0,0,0,0,0
904,1,0,1,1,0,0,1,0,0,0,1,1,1,1,1,1,0,0,0,0,0
905,2,2,1,0,4,0,1,1,1,1,0,0,1,0,4,1,1,0,0,1,1
906,0,4,1,4,2,3,1,1,4,4,2,1,2,2,2,3,3,4,2,1,2
907,0,0,0,0,0,0,0,0,0,0,0,1,0,0,0,0,0,0,1,0,0
908,0,0,0,0,0,0,0,0,0,0,0,0,0,0,0,0,0,0,0,0,0
909,0,0,0,0,1,0,0,0,0,0,0,0,0,0,0,0,0,0,0,0,0
910,1,1,1,0,0,1,2,1,1,1,1,0,1,1,2,0,0,2,1,1,4
911,1,1,3,1,0,1,1,3,1,0,0,1,0,0,0,3,2,1,0,1,2
912,4,5,6,9,2,7,10,4,8,6,4,2,6,7,6,7,4,8,5,6,6
913,0,0,0,0,0,0,1,0,0,0,0,0,0,0,0,0,0,0,0,0,0
914,2,1,1,1,2,2,1,3,1,0,0,1,0,0,1,2,4,2,0,2,0
915,1,0,2,1,1,0,0,0,1,0,0,1,0,2,0,0,2,0,0,0,0
916,1,1,1,1,2,1,1,4,0,2,0,0,1,3,1,2,2,0,2,0,1
917,0,1,1,2,2,0,0,0,0,0,0,0,0,2,0,0,2,2,0,1,1
918,0,1,1,2,0,0,0,0,0,0,1,1,1,0,3,0,3,0,1,2,0
919,2,5,5,8,2,6,10,4,8,6,3,1,3,5,4,7,3,7,5,6,6
920,0,1,1,0,1,0,0,0,0,1,1,0,0,0,0,0,0,1,0,0,2
921,5,2,0,1,5,1,4,4,4,6,3,5,5,3,4,2,3,4,3,3,4
922,2,1,1,0,0,0,3,1,0,0,0,1,0,0,1,0,1,0,1,0,2
923,0,1,1,1,1,0,0,0,0,0,0,0,1,1,0,1,2,1,1,0,1
924,0,0,1,1,0,0,0,0,0,0,0,0,1,0,0,1,1,0,1,0,0
925,0,0,0,0,0,0,0,0,0,0,0,0,0,0,0,0,0,0,0,0,0
926,1,1,1,3,1,0,2,0,0,3,0,0,0,3,2,2,0,1,1,0,0
927,1,0,0,0,1,1,1,1,1,0,0,0,0,2,1,1,0,0,1,0,0
928,4,3,7,7,2,4,4,8,1,4,3,5,2,3,0,2,6,3,2,4,4
929,2,5,5,8,1,6,10,4,8,6,3,1,3,5,4,7,3,7,5,6,6
930,0,0,1,0,0,0,0,0,1,0,0,1,0,1,0,0,0,0,1,0,0
931,0,0,0,0,0,0,0,0,0,0,0,0,0,0,1,0,0,0,0,0,0
932,0,1,0,0,0,0,0,0,0,0,1,0,0,0,0,0,0,0,0,0,0
933,3,0,4,1,3,0,0,0,3,1,0,2,3,2,2,2,3,1,3,5,0
934,2,2,2,0,0,0,1,3,1,1,1,0,2,3,0,3,3,1,0,1,2
935,0,0,0,0,0,0,0,0,0,0,0,0,0,0,0,0,0,1,0,0,0
936,2,2,2,0,0,0,1,3,1,1,1,0,2,3,0,3,3,2,0,1,2
937,2,1,0,2,1,0,1,1,2,0,0,0,3,2,1,0,2,3,2,0,2
938,3,1,3,2,3,0,2,4,0,2,2,2,1,2,1,2,3,1,4,4,3
939,0,1,1,0,1,0,1,1,1,2,1,0,0,3,1,3,1,0,0,2,2
940,1,1,1,4,0,3,1,1,2,5,1,0,1,4,2,2,2,3,3,1,0
941,2,0,1,4,1,0,4,0,2,1,2,0,1,0,0,1,2,5,1,1,0
942,1,2,1,1,0,2,2,5,3,0,1,1,4,2,1,3,1,1,1,1,0
943,1,0,1,0,0,0,0,1,0,0,0,0,1,0,0,0,0,0,0,0,0
944,4,6,2,4,3,5,3,5,3,7,5,3,4,5,2,4,4,4,2,5,0
945,0,1,0,0,2,2,2,3,0,1,1,2,3,1,0,2,1,0,3,0,0
946,1,0,1,0,0,0,0,0,0,0,1,1,0,1,0,1,0,0,0,0,0
947,0,1,1,0,0,1,1,1,2,0,2,3,1,2,1,3,2,0,1,1,0
948,1,3,3,4,2,5,6,2,3,7,5,2,1,2,2,1,0,1,1,3,3
949,4,4,5,3,2,3,1,2,4,1,1,2,1,3,5,3,0,2,2,2,3
950,0,0,0,0,0,0,1,0,0,0,0,0,0,0,0,0,0,0,0,0,0
951,2,1,2,2,1,1,1,1,0,3,3,1,0,3,2,1,1,1,1,4,2
952,2,0,2,0,1,1,1,0,2,2,2,4,1,0,1,2,1,1,3,3,0
953,4,0,2,1,8,0,1,3,2,2,1,0,2,2,0,4,0,1,1,1,2
954,1,0,1,0,0,0,0,0,0,1,0,2,0,0,1,2,0,1,1,0,0
955,0,1,0,0,0,0,0,0,0,1,1,1,0,0,0,0,1,0,1,0,1
956,3,3,2,0,3,1,3,3,0,2,1,4,4,3,2,5,2,2,6,3,2
957,1,0,0,1,0,0,0,0,0,0,0,0,1,1,1,0,0,0,0,0,0
958,0,0,0,0,0,0,1,0,0,0,0,0,0,0,0,1,0,0,0,0,0
959,0,0,0,0,1,1,0,0,0,0,1,0,1,1,0,0,1,0,0,1,0
960,2,1,2,3,2,1,4,3,0,0,1,2,1,1,3,3,2,0,1,0,0
961,1,1,1,1,1,1,2,0,1,1,1,2,0,0,0,1,0,0,1,0,0
962,1,1,0,2,1,2,0,1,1,0,1,2,2,0,1,2,2,1,1,2,0
963,4,1,2,2,0,3,1,0,3,2,0,1,1,3,1,1,1,2,3,2,3
964,1,2,0,2,3,1,2,2,3,3,1,5,2,2,2,0,3,1,0,1,3
965,3,1,1,0,1,2,2,0,3,1,2,0,0,3,2,1,4,2,2,2,2
966,2,2,2,2,3,1,2,2,1,2,3,3,3,1,7,4,1,1,4,0,0
967,1,3,2,0,0,1,2,0,3,0,1,1,2,0,0,3,0,1,0,1,0
968,0,0,0,0,0,0,0,0,0,0,0,1,0,0,0,0,0,0,0,0,0
969,3,5,4,3,2,5,4,2,5,1,4,3,4,5,5,6,3,3,4,2,6
970,2,1,0,2,1,0,1,1,2,0,0,0,3,2,1,0,2,4,2,0,2
971,0,0,0,0,0,0,0,1,1,0,1,1,1,2,1,1,0,0,0,1,0
972,3,6,2,1,3,7,8,3,4,0,6,7,12,8,1,6,6,4,6,3,4
973,0,0,0,0,0,0,0,0,0,0,0,0,0,0,0,0,0,1,0,0,0
974,5,3,5,4,5,5,3,3,3,6,3,5,2,5,8,5,3,9,9,4,2
975,5,2,6,1,6,5,3,5,4,4,2,5,5,2,5,3,6,1,2,4,2
976,0,0,0,0,1,0,0,0,0,0,0,0,0,0,1,0,0,0,0,0,0
977,0,0,0,1,0,0,3,0,1,0,1,0,0,0,0,1,1,2,1,1,0
978,1,2,2,0,0,2,2,1,4,0,2,1,3,2,3,3,1,3,1,0,3
979,0,0,0,0,0,0,1,1,0,0,2,1,0,0,1,0,1,0,0,0,0
980,0,0,0,0,0,2,1,0,0,0,2,3,4,1,0,2,1,0,1,0,3
981,0,1,1,0,0,0,1,1,0,0,0,0,0,0,0,0,0,1,0,0,0
982,1,4,1,2,3,0,1,0,3,0,2,2,2,3,4,0,0,1,3,0,1
983,0,1,1,2,2,0,0,0,0,0,0,0,0,2,0,0,2,2,0,1,1
984,0,0,0,0,0,2,0,1,0,0,0,0,0,1,0,1,0,0,2,1,0
985,0,0,1,0,0,1,1,0,0,0,0,0,0,0,0,0,0,1,1,1,0
986,1,2,7,3,4,0,3,3,2,6,5,6,3,2,6,3,3,3,2,1,3
987,0,0,0,0,0,0,0,0,0,0,0,0,0,0,0,0,0,0,0,0,0
988,2,0,0,1,0,1,0,0,0,1,0,0,1,1,1,1,0,0,0,1,1
989,1,0,0,0,0,0,0,0,0,1,1,0,0,0,0,0,0,0,0,0,0
990,0,1,1,4,0,0,1,0,1,3,1,0,0,1,2,1,1,2,0,0,1
991,0,0,0,0,0,0,0,0,0,0,0,0,0,0,0,0,0,0,0,0,0
992,1,0,0,1,0,0,0,0,0,0,0,0,0,0,0,0,1,0,0,0,0
993,2,1,1,7,1,6,1,0,4,2,2,2,4,3,2,2,3,2,5,5,2
994,1,0,1,0,0,0,0,0,1,0,1,0,0,1,0,0,0,1,0,0,0
995,0,0,0,1,0,2,0,0,0,1,0,0,0,0,0,0,2,0,1,0,1
996,1,0,0,2,0,1,1,0,0,0,1,0,1,0,0,1,2,0,0,0,0
997,0,0,0,0,0,0,0,0,0,0,0,0,0,0,0,0,0,0,0,0,0