lno,ts,value
0,0,0
0,1,0
0,2,0
0,3,0
0,4,0
0,5,0
0,6,0
0,7,0
0,8,0
0,9,0
0,10,0
0,11,0
0,12,0
0,13,0
0,14,0
0,15,0
0,16,0
0,17,0
0,18,0
0,19,0
0,20,0
1,0,4
1,1,1
1,2,2
1,3,6
1,4,2
1,5,1
1,6,5
1,7,2
1,8,4
1,9,2
1,10,3
1,11,2
1,12,2
1,13,0
1,14,0
1,15,3
1,16,5
1,17,7
1,18,3
1,19,1
1,20,0
2,0,0
2,1,2
2,2,5
2,3,2
2,4,3
2,5,4
2,6,2
2,7,2
2,8,0
2,9,2
2,10,1
2,11,0
2,12,1
2,13,4
2,14,1
2,15,4
2,16,3
2,17,1
2,18,2
2,19,4
2,20,5
3,0,0
3,1,0
3,2,0
3,3,0
3,4,0
3,5,0
3,6,0
3,7,0
3,8,0
3,9,1
3,10,0
3,11,0
3,12,0
3,13,0
3,14,0
3,15,0
3,16,0
3,17,0
3,18,0
3,19,0
3,20,0
4,0,1
4,1,0
4,2,2
4,3,1
4,4,0
4,5,0
4,6,0
4,7,1
4,8,0
4,9,1
4,10,1
4,11,0
4,12,0
4,13,0
4,14,0
4,15,0
4,16,0
4,17,0
4,18,1
4,19,0
4,20,0
5,0,0
5,1,0
5,2,1
5,3,0
5,4,0
5,5,0
5,6,0
5,7,1
5,8,1
5,9,0
5,10,0
5,11,0
5,12,0
5,13,1
5,14,0
5,15,1
5,16,1
5,17,0
5,18,0
5,19,0
5,20,1
6,0,4
6,1,0
6,2,1
6,3,4
6,4,2
6,5,1
6,6,4
6,7,1
6,8,3
6,9,2
6,10,3
6,11,2
6,12,2
6,13,0
6,14,0
6,15,3
6,16,5
6,17,7
6,18,3
6,19,1
6,20,0
7,0,1
7,1,2
7,2,2
7,3,1
7,4,1
7,5,6
7,6,5
7,7,1
7,8,2
7,9,0
7,10,4
7,11,5
7,12,8
7,13,4
7,14,1
7,15,5
7,16,3
7,17,2
7,18,2
7,19,2
7,20,5
8,0,0
8,1,0
8,2,0
8,3,0
8,4,0
8,5,0
8,6,1
8,7,1
8,8,0
8,9,0
8,10,0
8,11,0
8,12,0
8,13,0
8,14,0
8,15,0
8,16,0
8,17,0
8,18,0
8,19,0
8,20,0
9,0,0
9,1,0
9,2,0
9,3,0
9,4,0
9,5,0
9,6,0
9,7,0
9,8,0
9,9,0
9,10,0
9,11,0
9,12,0
9,13,0
9,14,0
9,15,0
9,16,0
9,17,0
9,18,0
9,19,0
9,20,0
10,0,0
10,1,0
10,2,0
10,3,0
10,4,1
10,5,2
10,6,0
10,7,1
10,8,0
10,9,0
10,10,0
10,11,3
10,12,0
10,13,0
10,14,0
10,15,0
10,16,0
10,17,1
10,18,0
10,19,0
10,20,0
11,0,2
11,1,0
11,2,0
11,3,1
11,4,2
11,5,1
11,6,0
11,7,0
11,8,0
11,9,3
11,10,1
11,11,0
11,12,0
11,13,1
11,14,0
11,15,1
11,16,1
11,17,0
11,18,0
11,19,2
11,20,0
12,0,1
12,1,2
12,2,1
12,3,1
12,4,0
12,5,2
12,6,2
12,7,5
12,8,3
12,9,0
12,10,1
12,11,1
12,12,4
12,13,2
12,14,1
12,15,3
12,16,1
12,17,1
12,18,1
12,19,1
12,20,0
13,0,1
13,1,2
13,2,1
13,3,1
13,4,0
13,5,2
13,6,2
13,7,5
13,8,3
13,9,0
13,10,1
13,11,1
13,12,4
13,13,2
13,14,0
13,15,3
13,16,1
13,17,1
13,18,1
13,19,1
13,20,0
14,0,0
14,1,1
14,2,0
14,3,0
14,4,2
14,5,1
14,6,2
14,7,0
14,8,2
14,9,3
14,10,0
14,11,2
14,12,0
14,13,1
14,14,0
14,15,1
14,16,2
14,17,0
14,18,4
14,19,1
14,20,0
15,0,0
15,1,0
15,2,0
15,3,0
15,4,0
15,5,0
15,6,0
15,7,0
15,8,0
15,9,0
15,10,0
15,11,0
15,12,0
15,13,1
15,14,0
15,15,0
15,16,0
15,17,0
15,18,0
15,19,0
15,20,0
16,0,0
16,1,0
16,2,0
16,3,0
16,4,0
16,5,0
16,6,0
16,7,0
16,8,0
16,9,0
16,10,0
16,11,0
16,12,0
16,13,0
16,14,0
16,15,0
16,16,0
16,17,0
16,18,0
16,19,0
16,20,0
17,0,0
17,1,0
17,2,0
17,3,0
17,4,0
17,5,0
17,6,0
17,7,0
17,8,0
17,9,0
17,10,0
17,11,0
17,12,0
17,13,0
17,14,0
17,15,0
17,16,0
17,17,0
17,18,0
17,19,0
17,20,0
18,0,1
18,1,1
18,2,3
18,3,0
18,4,1
18,5,0
18,6,3
18,7,2
18,8,2
18,9,2
18,10,0
18,11,2
18,12,1
18,13,1
18,14,1
18,15,2
18,16,1
18,17,1
18,18,0
18,19,0
18,20,2
19,0,0
19,1,1
19,2,0
19,3,1
19,4,0
19,5,0
19,6,1
19,7,1
19,8,0
19,9,1
19,10,0
19,11,1
19,12,0
19,13,0
19,14,0
19,15,0
19,16,0
19,17,0
19,18,0
19,19,1
19,20,1
20,0,0
20,1,1
20,2,0
20,3,0
20,4,0
20,5,0
20,6,0
20,7,0
20,8,0
20,9,0
20,10,0
20,11,0
20,12,0
20,13,0
20,14,0
20,15,0
20,16,1
20,17,0
20,18,0
20,19,0
20,20,0
21,0,0
21,1,0
21,2,0
21,3,0
21,4,1
21,5,0
21,6,0
21,7,0
21,8,0
21,9,0
21,10,0
21,11,0
21,12,0
21,13,0
21,14,0
21,15,0
21,16,0
21,17,0
21,18,0
21,19,0
21,20,0
22,0,1
22,1,3
22,2,5
22,3,6
22,4,3
22,5,2
22,6,0
22,7,3
22,8,2
22,9,5
22,10,2
22,11,1
22,12,1
22,13,4
22,14,1
22,15,2
22,16,2
22,17,2
22,18,3
22,19,1
22,20,4
23,0,3
23,1,2
23,2,2
23,3,3
23,4,2
23,5,3
23,6,3
23,7,1
23,8,5
23,9,2
23,10,2
23,11,6
23,12,1
23,13,1
23,14,5
23,15,1
23,16,2
23,17,0
23,18,3
23,19,3
23,20,5
24,0,5
24,1,3
24,2,4
24,3,3
24,4,3
24,5,4
24,6,4
24,7,2
24,8,4
24,9,2
24,10,1
24,11,5
24,12,10
24,13,2
24,14,2
24,15,3
24,16,1
24,17,4
24,18,5
24,19,2
24,20,2
25,0,0
25,1,1
25,2,0
25,3,0
25,4,0
25,5,0
25,6,1
25,7,0
25,8,0
25,9,0
25,10,0
25,11,1
25,12,1
25,13,0
25,14,0
25,15,0
25,16,0
25,17,0
25,18,0
25,19,1
25,20,0
26,0,0
26,1,1
26,2,0
26,3,0
26,4,1
26,5,0
26,6,0
26,7,0
26,8,0
26,9,0
26,10,0
26,11,0
26,12,0
26,13,1
26,14,0
26,15,0
26,16,1
26,17,1
26,18,0
26,19,0
26,20,1
27,0,0
27,1,0
27,2,1
27,3,1
27,4,0
27,5,0
27,6,0
27,7,0
27,8,0
27,9,0
27,10,0
27,11,0
27,12,1
27,13,0
27,14,0
27,15,1
27,16,1
27,17,0
27,18,1
27,19,0
27,20,0
28,0,2
28,1,0
28,2,2
28,3,0
28,4,0
28,5,0
28,6,2
28,7,1
28,8,1
28,9,0
28,10,2
28,11,3
28,12,2
28,13,1
28,14,2
28,15,0
28,16,4
28,17,2
28,18,2
28,19,0
28,20,3
29,0,2
29,1,1
29,2,1
29,3,1
29,4,0
29,5,0
29,6,1
29,7,0
29,8,1
29,9,0
29,10,0
29,11,3
29,12,2
29,13,2
29,14,1
29,15,1
29,16,0
29,17,1
29,18,0
29,19,2
29,20,1
30,0,2
30,1,3
30,2,2
30,3,4
30,4,3
30,5,2
30,6,6
30,7,6
30,8,1
30,9,5
30,10,3
30,11,3
30,12,4
30,13,3
30,14,2
30,15,3
30,16,1
30,17,1
30,18,4
30,19,4
30,20,2
31,0,0
31,1,0
31,2,0
31,3,1
31,4,1
31,5,1
31,6,0
31,7,0
31,8,1
31,9,1
31,10,0
31,11,1
31,12,0
31,13,0
31,14,1
31,15,2
31,16,0
31,17,1
31,18,1
31,19,0
31,20,0
32,0,1
32,1,0
32,2,0
32,3,0
32,4,0
32,5,0
32,6,0
32,7,0
32,8,0
32,9,0
32,10,0
32,11,0
32,12,0
32,13,0
32,14,0
32,15,0
32,16,0
32,17,0
32,18,0
32,19,0
32,20,0
33,0,0
33,1,0
33,2,0
33,3,0
33,4,0
33,5,0
33,6,1
33,7,1
33,8,0
33,9,0
33,10,2
33,11,1
33,12,0
33,13,0
33,14,1
33,15,0
33,16,1
33,17,0
33,18,0
33,19,0
33,20,0
34,0,0
34,1,1
34,2,2
34,3,2
34,4,2
34,5,3
34,6,1
34,7,1
34,8,0
34,9,2
34,10,1
34,11,0
34,12,0
34,13,3
34,14,0
34,15,4
34,16,3
34,17,1
34,18,2
34,19,2
34,20,4
35,0,0
35,1,0
35,2,0
35,3,0
35,4,0
35,5,0
35,6,0
35,7,0
35,8,0
35,9,0
35,10,0
35,11,0
35,12,0
35,13,0
35,14,0
35,15,0
35,16,0
35,17,0
35,18,0
35,19,0
35,20,0
36,0,0
36,1,1
36,2,0
36,3,1
36,4,1
36,5,3
36,6,3
36,7,0
36,8,0
36,9,0
36,10,2
36,11,3
36,12,5
36,13,3
36,14,0
36,15,3
36,16,2
36,17,0
36,18,1
36,19,0
36,20,4
37,0,1
37,1,1
37,2,1
37,3,0
37,4,1
37,5,1
37,6,1
37,7,2
37,8,2
37,9,0
37,10,0
37,11,0
37,12,0
37,13,2
37,14,1
37,15,1
37,16,1
37,17,0
37,18,1
37,19,0
37,20,0
38,0,0
38,1,0
38,2,0
38,3,0
38,4,0
38,5,0
38,6,1
38,7,0
38,8,0
38,9,0
38,10,0
38,11,0
38,12,0
38,13,0
38,14,0
38,15,0
38,16,0
38,17,0
38,18,0
38,19,0
38,20,0
39,0,1
39,1,4
39,2,2
39,3,4
39,4,4
39,5,2
39,6,3
39,7,0
39,8,4
39,9,2
39,10,1
39,11,1
39,12,1
39,13,0
39,14,2
39,15,1
39,16,2
39,17,1
39,18,2
39,19,1
39,20,2
40,0,4
40,1,2
40,2,7
40,3,4
40,4,12
40,5,12
40,6,10
40,7,8
40,8,8
40,9,8
40,10,6
40,11,7
40,12,9
40,13,10
40,14,1
40,15,8
40,16,7
40,17,4
40,18,6
40,19,16
40,20,4
41,0,2
41,1,1
41,2,1
41,3,7
41,4,1
41,5,6
41,6,1
41,7,0
41,8,4
41,9,2
41,10,2
41,11,2
41,12,4
41,13,3
41,14,2
41,15,2
41,16,3
41,17,2
41,18,5
41,19,5
41,20,2
42,0,0
42,1,1
42,2,0
42,3,0
42,4,0
42,5,0
42,6,0
42,7,0
42,8,0
42,9,0
42,10,1
42,11,0
42,12,0
42,13,0
42,14,1
42,15,0
42,16,0
42,17,0
42,18,0
42,19,0
42,20,0
43,0,0
43,1,0
43,2,1
43,3,0
43,4,1
43,5,0
43,6,0
43,7,0
43,8,2
43,9,1
43,10,0
43,11,0
43,12,0
43,13,1
43,14,0
43,15,0
43,16,0
43,17,1
43,18,0
43,19,0
43,20,1
44,0,0
44,1,2
44,2,5
44,3,2
44,4,3
44,5,4
44,6,2
44,7,2
44,8,0
44,9,2
44,10,1
44,11,0
44,12,1
44,13,4
44,14,1
44,15,4
44,16,3
44,17,1
44,18,2
44,19,4
44,20,5
45,0,2
45,1,3
45,2,2
45,3,0
45,4,6
45,5,0
45,6,4
45,7,0
45,8,1
45,9,3
45,10,2
45,11,0
45,12,1
45,13,3
45,14,2
45,15,1
45,16,4
45,17,1
45,18,2
45,19,1
45,20,0
46,0,0
46,1,0
46,2,0
46,3,0
46,4,0
46,5,0
46,6,0
46,7,0
46,8,0
46,9,0
46,10,0
46,11,0
46,12,0
46,13,0
46,14,0
46,15,0
46,16,0
46,17,0
46,18,0
46,19,0
46,20,0
47,0,1
47,1,4
47,2,1
47,3,2
47,4,3
47,5,0
47,6,1
47,7,0
47,8,3
47,9,0
47,10,2
47,11,2
47,12,2
47,13,3
47,14,4
47,15,0
47,16,0
47,17,1
47,18,3
47,19,0
47,20,1
48,0,0
48,1,0
48,2,1
48,3,0
48,4,0
48,5,0
48,6,0
48,7,1
48,8,0
48,9,1
48,10,0
48,11,1
48,12,2
48,13,1
48,14,1
48,15,0
48,16,0
48,17,0
48,18,0
48,19,0
48,20,0
49,0,0
49,1,0
49,2,0
49,3,0
49,4,0
49,5,0
49,6,0
49,7,0
49,8,0
49,9,0
49,10,0
49,11,0
49,12,0
49,13,0
49,14,0
49,15,0
49,16,0
49,17,1
49,18,0
49,19,0
49,20,0
50,0,0
50,1,1
50,2,0
50,3,2
50,4,0
50,5,0
50,6,1
50,7,0
50,8,1
50,9,0
50,10,0
50,11,0
50,12,1
50,13,0
50,14,0
50,15,0
50,16,0
50,17,0
50,18,0
50,19,0
50,20,0
51,0,2
51,1,1
51,2,3
51,3,4
51,4,4
51,5,4
51,6,3
51,7,3
51,8,1
51,9,2
51,10,5
51,11,2
51,12,7
51,13,8
51,14,7
51,15,3
51,16,2
51,17,6
51,18,5
51,19,2
51,20,5
52,0,4
52,1,5
52,2,5
52,3,9
52,4,4
52,5,5
52,6,10
52,7,5
52,8,12
52,9,6
52,10,5
52,11,6
52,12,7
52,13,9
52,14,7
52,15,3
52,16,7
52,17,4
52,18,6
52,19,5
52,20,6
53,0,3
53,1,0
53,2,2
53,3,2
53,4,1
53,5,3
53,6,4
53,7,4
53,8,0
53,9,2
53,10,3
53,11,2
53,12,1
53,13,1
53,14,4
53,15,2
53,16,3
53,17,1
53,18,3
53,19,4
53,20,3
54,0,2
54,1,3
54,2,0
54,3,1
54,4,2
54,5,3
54,6,2
54,7,1
54,8,1
54,9,1
54,10,1
54,11,0
54,12,1
54,13,3
54,14,2
54,15,3
54,16,3
54,17,4
54,18,2
54,19,5
54,20,1
55,0,1
55,1,1
55,2,1
55,3,1
55,4,2
55,5,1
55,6,0
55,7,1
55,8,0
55,9,0
55,10,2
55,11,1
55,12,1
55,13,3
55,14,1
55,15,4
55,16,4
55,17,2
55,18,2
55,19,2
55,20,2
56,0,1
56,1,0
56,2,0
56,3,2
56,4,1
56,5,0
56,6,1
56,7,0
56,8,0
56,9,0
56,10,1
56,11,1
56,12,1
56,13,1
56,14,0
56,15,1
56,16,2
56,17,0
56,18,1
56,19,0
56,20,1
57,0,1
57,1,1
57,2,0
57,3,0
57,4,0
57,5,0
57,6,0
57,7,0
57,8,0
57,9,0
57,10,1
57,11,0
57,12,0
57,13,0
57,14,0
57,15,0
57,16,3
57,17,0
57,18,0
57,19,0
57,20,0
58,0,0
58,1,0
58,2,0
58,3,0
58,4,0
58,5,2
58,6,0
58,7,0
58,8,0
58,9,0
58,10,0
58,11,1
58,12,0
58,13,0
58,14,1
58,15,1
58,16,0
58,17,1
58,18,0
58,19,0
58,20,0
59,0,0
59,1,0
59,2,0
59,3,0
59,4,0
59,5,0
59,6,0
59,7,0
59,8,0
59,9,0
59,10,0
59,11,0
59,12,0
59,13,0
59,14,0
59,15,0
59,16,0
59,17,0
59,18,0
59,19,0
59,20,1
60,0,1
60,1,0
60,2,0
60,3,0
60,4,0
60,5,0
60,6,0
60,7,0
60,8,0
60,9,0
60,10,0
60,11,0
60,12,0
60,13,0
60,14,0
60,15,0
60,16,0
60,17,0
60,18,0
60,19,0
60,20,0
61,0,0
61,1,0
61,2,0
61,3,0
61,4,1
61,5,0
61,6,0
61,7,0
61,8,0
61,9,0
61,10,0
61,11,0
61,12,0
61,13,0
61,14,0
61,15,0
61,16,1
61,17,0
61,18,1
61,19,0
61,20,0
62,0,0
62,1,0
62,2,0
62,3,0
62,4,0
62,5,0
62,6,0
62,7,0
62,8,0
62,9,0
62,10,0
62,11,0
62,12,0
62,13,0
62,14,0
62,15,0
62,16,0
62,17,0
62,18,0
62,19,0
62,20,0
63,0,3
63,1,0
63,2,4
63,3,1
63,4,3
63,5,0
63,6,0
63,7,0
63,8,3
63,9,1
63,10,0
63,11,2
63,12,3
63,13,2
63,14,2
63,15,2
63,16,3
63,17,1
63,18,3
63,19,5
63,20,0
64,0,0
64,1,0
64,2,0
64,3,1
64,4,0
64,5,0
64,6,0
64,7,1
64,8,0
64,9,1
64,10,0
64,11,1
64,12,0
64,13,0
64,14,0
64,15,0
64,16,0
64,17,0
64,18,0
64,19,1
64,20,1
65,0,1
65,1,3
65,2,4
65,3,6
65,4,3
65,5,2
65,6,0
65,7,3
65,8,2
65,9,4
65,10,2
65,11,1
65,12,1
65,13,4
65,14,1
65,15,2
65,16,2
65,17,3
65,18,3
65,19,2
65,20,4
66,0,2
66,1,2
66,2,2
66,3,2
66,4,1
66,5,1
66,6,1
66,7,5
66,8,0
66,9,0
66,10,0
66,11,1
66,12,0
66,13,0
66,14,0
66,15,2
66,16,3
66,17,4
66,18,1
66,19,0
66,20,1
67,0,1
67,1,0
67,2,0
67,3,1
67,4,1
67,5,0
67,6,1
67,7,1
67,8,0
67,9,0
67,10,1
67,11,1
67,12,1
67,13,0
67,14,0
67,15,0
67,16,0
67,17,0
67,18,0
67,19,0
67,20,0
68,0,0
68,1,1
68,2,3
68,3,0
68,4,1
68,5,1
68,6,1
68,7,1
68,8,0
68,9,0
68,10,0
68,11,0
68,12,1
68,13,1
68,14,1
68,15,0
68,16,0
68,17,0
68,18,0
68,19,2
68,20,1
69,0,1
69,1,1
69,2,0
69,3,0
69,4,0
69,5,0
69,6,0
69,7,0
69,8,1
69,9,1
69,10,0
69,11,2
69,12,0
69,13,0
69,14,0
69,15,1
69,16,0
69,17,0
69,18,0
69,19,0
69,20,2
70,0,0
70,1,0
70,2,1
70,3,0
70,4,0
70,5,0
70,6,0
70,7,0
70,8,0
70,9,1
70,10,0
70,11,0
70,12,0
70,13,0
70,14,0
70,15,0
70,16,0
70,17,0
70,18,0
70,19,0
70,20,0
71,0,1
71,1,1
71,2,4
71,3,4
71,4,10
71,5,7
71,6,5
71,7,2
71,8,3
71,9,6
71,10,4
71,11,3
71,12,2
71,13,5
71,14,0
71,15,1
71,16,5
71,17,2
71,18,2
71,19,9
71,20,3
72,0,0
72,1,2
72,2,2
72,3,3
72,4,1
72,5,1
72,6,2
72,7,0
72,8,0
72,9,1
72,10,1
72,11,2
72,12,2
72,13,2
72,14,0
72,15,5
72,16,3
72,17,0
72,18,1
72,19,1
72,20,2
73,0,0
73,1,0
73,2,0
73,3,0
73,4,0
73,5,0
73,6,0
73,7,0
73,8,0
73,9,0
73,10,0
73,11,0
73,12,0
73,13,0
73,14,0
73,15,0
73,16,0
73,17,1
73,18,0
73,19,1
73,20,0
74,0,1
74,1,2
74,2,1
74,3,2
74,4,4
74,5,1
74,6,3
74,7,3
74,8,3
74,9,2
74,10,1
74,11,3
74,12,1
74,13,2
74,14,1
74,15,3
74,16,1
74,17,2
74,18,1
74,19,2
74,20,5
75,0,1
75,1,4
75,2,3
75,3,1
75,4,0
75,5,2
75,6,3
75,7,1
75,8,4
75,9,0
75,10,2
75,11,2
75,12,3
75,13,4
75,14,4
75,15,3
75,16,2
75,17,3
75,18,1
75,19,2
75,20,3
76,0,0
76,1,1
76,2,1
76,3,1
76,4,3
76,5,3
76,6,2
76,7,2
76,8,0
76,9,0
76,10,2
76,11,4
76,12,2
76,13,2
76,14,0
76,15,2
76,16,3
76,17,5
76,18,2
76,19,2
76,20,3
77,0,0
77,1,0
77,2,0
77,3,1
77,4,0
77,5,0
77,6,1
77,7,0
77,8,0
77,9,0
77,10,0
77,11,0
77,12,0
77,13,0
77,14,0
77,15,0
77,16,0
77,17,0
77,18,1
77,19,0
77,20,1
78,0,1
78,1,2
78,2,2
78,3,1
78,4,1
78,5,3
78,6,0
78,7,0
78,8,1
78,9,2
78,10,1
78,11,3
78,12,1
78,13,3
78,14,2
78,15,2
78,16,2
78,17,2
78,18,1
78,19,3
78,20,1
79,0,2
79,1,1
79,2,2
79,3,2
79,4,1
79,5,1
79,6,1
79,7,1
79,8,0
79,9,3
79,10,3
79,11,1
79,12,0
79,13,3
79,14,2
79,15,1
79,16,1
79,17,1
79,18,1
79,19,4
79,20,2
80,0,0
80,1,1
80,2,0
80,3,2
80,4,2
80,5,1
80,6,5
80,7,0
80,8,2
80,9,2
80,10,2
80,11,1
80,12,4
80,13,5
80,14,2
80,15,3
80,16,4
80,17,1
80,18,2
80,19,1
80,20,4
81,0,1
81,1,1
81,2,0
81,3,0
81,4,0
81,5,0
81,6,0
81,7,0
81,8,0
81,9,0
81,10,0
81,11,0
81,12,2
81,13,0
81,14,0
81,15,0
81,16,0
81,17,0
81,18,0
81,19,0
81,20,0
82,0,2
82,1,1
82,2,4
82,3,1
82,4,0
82,5,1
82,6,1
82,7,0
82,8,0
82,9,0
82,10,3
82,11,1
82,12,1
82,13,3
82,14,1
82,15,1
82,16,0
82,17,0
82,18,0
82,19,3
82,20,0
83,0,1
83,1,2
83,2,1
83,3,1
83,4,0
83,5,2
83,6,1
83,7,4
83,8,2
83,9,0
83,10,1
83,11,1
83,12,3
83,13,2
83,14,1
83,15,3
83,16,0
83,17,0
83,18,0
83,19,1
83,20,0
84,0,0
84,1,1
84,2,1
84,3,2
84,4,2
84,5,0
84,6,0
84,7,1
84,8,0
84,9,0
84,10,0
84,11,0
84,12,0
84,13,2
84,14,0
84,15,0
84,16,2
84,17,2
84,18,0
84,19,1
84,20,1
85,0,2
85,1,1
85,2,2
85,3,4
85,4,2
85,5,3
85,6,3
85,7,2
85,8,2
85,9,0
85,10,2
85,11,5
85,12,1
85,13,2
85,14,3
85,15,4
85,16,1
85,17,6
85,18,2
85,19,0
85,20,2
86,0,1
86,1,0
86,2,2
86,3,1
86,4,1
86,5,0
86,6,0
86,7,0
86,8,1
86,9,0
86,10,0
86,11,1
86,12,0
86,13,2
86,14,0
86,15,0
86,16,2
86,17,0
86,18,0
86,19,0
86,20,0
87,0,0
87,1,0
87,2,1
87,3,0
87,4,1
87,5,0
87,6,0
87,7,0
87,8,2
87,9,1
87,10,0
87,11,0
87,12,0
87,13,1
87,14,0
87,15,0
87,16,0
87,17,1
87,18,0
87,19,0
87,20,1
88,0,4
88,1,0
88,2,3
88,3,3
88,4,4
88,5,6
88,6,2
88,7,3
88,8,2
88,9,4
88,10,3
88,11,3
88,12,2
88,13,6
88,14,2
88,15,2
88,16,2
88,17,4
88,18,2
88,19,4
88,20,4
89,0,0
89,1,0
89,2,0
89,3,0
89,4,0
89,5,2
89,6,0
89,7,1
89,8,0
89,9,0
89,10,0
89,11,0
89,12,0
89,13,1
89,14,0
89,15,2
89,16,0
89,17,0
89,18,2
89,19,1
89,20,0
90,0,0
90,1,0
90,2,0
90,3,1
90,4,2
90,5,0
90,6,0
90,7,0
90,8,0
90,9,1
90,10,0
90,11,0
90,12,0
90,13,0
90,14,0
90,15,1
90,16,0
90,17,0
90,18,0
90,19,1
90,20,0
91,0,0
91,1,2
91,2,5
91,3,2
91,4,3
91,5,4
91,6,2
91,7,2
91,8,0
91,9,2
91,10,1
91,11,0
91,12,1
91,13,4
91,14,1
91,15,4
91,16,3
91,17,1
91,18,2
91,19,4
91,20,5
92,0,0
92,1,2
92,2,1
92,3,0
92,4,2
92,5,2
92,6,1
92,7,0
92,8,1
92,9,0
92,10,0
92,11,0
92,12,0
92,13,0
92,14,0
92,15,0
92,16,0
92,17,0
92,18,0
92,19,0
92,20,0
93,0,1
93,1,1
93,2,3
93,3,1
93,4,2
93,5,1
93,6,2
93,7,1
93,8,2
93,9,2
93,10,1
93,11,4
93,12,0
93,13,2
93,14,2
93,15,3
93,16,0
93,17,1
93,18,1
93,19,2
93,20,0
94,0,0
94,1,0
94,2,2
94,3,1
94,4,0
94,5,5
94,6,2
94,7,0
94,8,2
94,9,3
94,10,2
94,11,0
94,12,2
94,13,2
94,14,0
94,15,2
94,16,1
94,17,1
94,18,0
94,19,2
94,20,1
95,0,0
95,1,1
95,2,1
95,3,1
95,4,1
95,5,0
95,6,0
95,7,0
95,8,0
95,9,0
95,10,1
95,11,1
95,12,0
95,13,2
95,14,0
95,15,0
95,16,2
95,17,1
95,18,0
95,19,0
95,20,2
96,0,0
96,1,1
96,2,0
96,3,1
96,4,0
96,5,0
96,6,2
96,7,2
96,8,1
96,9,0
96,10,0
96,11,2
96,12,3
96,13,2
96,14,0
96,15,4
96,16,0
96,17,2
96,18,0
96,19,4
96,20,1
97,0,0
97,1,0
97,2,0
97,3,0
97,4,0
97,5,0
97,6,0
97,7,0
97,8,1
97,9,0
97,10,0
97,11,0
97,12,0
97,13,0
97,14,0
97,15,0
97,16,0
97,17,0
97,18,0
97,19,1
97,20,0
98,0,2
98,1,4
98,2,1
98,3,0
98,4,0
98,5,4
98,6,2
98,7,1
98,8,3
98,9,0
98,10,3
98,11,2
98,12,1
98,13,1
98,14,1
98,15,2
98,16,1
98,17,2
98,18,1
98,19,2
98,20,1
99,0,4
99,1,0
99,2,1
99,3,3
99,4,2
99,5,1
99,6,1
99,7,1
99,8,2
99,9,2
99,10,2
99,11,2
99,12,2
99,13,0
99,14,0
99,15,2
99,16,4
99,17,5
99,18,2
99,19,0
99,20,0
100,0,1
100,1,1
100,2,0
100,3,1
100,4,1
100,5,2
100,6,3
100,7,1
100,8,3
100,9,1
100,10,0
100,11,1
100,12,0
100,13,1
100,14,1
100,15,0
100,16,0
100,17,1
100,18,0
100,19,1
100,20,2
101,0,0
101,1,2
101,2,1
101,3,1
101,4,2
101,5,2
101,6,2
101,7,4
101,8,0
101,9,2
101,10,0
101,11,2
101,12,2
101,13,0
101,14,0
101,15,3
101,16,3
101,17,1
101,18,0
101,19,1
101,20,2
102,0,1
102,1,0
102,2,0
102,3,1
102,4,0
102,5,0
102,6,0
102,7,0
102,8,0
102,9,0
102,10,0
102,11,0
102,12,1
102,13,1
102,14,1
102,15,0
102,16,0
102,17,0
102,18,0
102,19,0
102,20,0
103,0,7
103,1,4
103,2,5
103,3,3
103,4,2
103,5,3
103,6,3
103,7,5
103,8,2
103,9,2
103,10,3
103,11,2
103,12,1
103,13,1
103,14,3
103,15,1
103,16,3
103,17,2
103,18,1
103,19,4
103,20,4
104,0,1
104,1,2
104,2,1
104,3,2
104,4,2
104,5,2
104,6,1
104,7,4
104,8,2
104,9,0
104,10,1
104,11,1
104,12,2
104,13,0
104,14,1
104,15,4
104,16,2
104,17,1
104,18,0
104,19,1
104,20,1
105,0,2
105,1,1
105,2,2
105,3,1
105,4,2
105,5,2
105,6,0
105,7,2
105,8,3
105,9,2
105,10,3
105,11,1
105,12,1
105,13,2
105,14,0
105,15,2
105,16,2
105,17,4
105,18,4
105,19,1
105,20,1
106,0,1
106,1,0
106,2,1
106,3,1
106,4,0
106,5,0
106,6,0
106,7,1
106,8,0
106,9,0
106,10,0
106,11,0
106,12,0
106,13,0
106,14,0
106,15,0
106,16,0
106,17,0
106,18,0
106,19,0
106,20,1
107,0,0
107,1,0
107,2,0
107,3,0
107,4,0
107,5,0
107,6,0
107,7,0
107,8,0
107,9,0
107,10,0
107,11,0
107,12,0
107,13,0
107,14,0
107,15,0
107,16,0
107,17,0
107,18,0
107,19,0
107,20,0
108,0,0
108,1,0
108,2,0
108,3,0
108,4,0
108,5,0
108,6,0
108,7,0
108,8,0
108,9,1
108,10,0
108,11,0
108,12,0
108,13,0
108,14,0
108,15,2
108,16,0
108,17,0
108,18,0
108,19,0
108,20,0
109,0,0
109,1,0
109,2,0
109,3,0
109,4,0
109,5,0
109,6,0
109,7,0
109,8,0
109,9,0
109,10,0
109,11,0
109,12,0
109,13,0
109,14,0
109,15,0
109,16,0
109,17,1
109,18,0
109,19,0
109,20,0
110,0,0
110,1,1
110,2,1
110,3,0
110,4,1
110,5,0
110,6,1
110,7,1
110,8,1
110,9,2
110,10,1
110,11,0
110,12,0
110,13,3
110,14,1
110,15,3
110,16,1
110,17,0
110,18,0
110,19,2
110,20,2
111,0,0
111,1,0
111,2,1
111,3,1
111,4,0
111,5,0
111,6,0
111,7,0
111,8,0
111,9,0
111,10,0
111,11,0
111,12,2
111,13,0
111,14,0
111,15,0
111,16,0
111,17,0
111,18,0
111,19,1
111,20,0
112,0,1
112,1,1
112,2,2
112,3,0
112,4,0
112,5,1
112,6,2
112,7,1
112,8,1
112,9,1
112,10,1
112,11,0
112,12,1
112,13,1
112,14,3
112,15,1
112,16,0
112,17,2
112,18,1
112,19,1
112,20,4
113,0,0
113,1,0
113,2,0
113,3,0
113,4,0
113,5,0
113,6,0
113,7,0
113,8,0
113,9,0
113,10,0
113,11,0
113,12,0
113,13,0
113,14,1
113,15,0
113,16,0
113,17,0
113,18,0
113,19,0
113,20,0
114,0,4
114,1,3
114,2,2
114,3,2
114,4,1
114,5,0
114,6,2
114,7,4
114,8,3
114,9,1
114,10,1
114,11,0
114,12,5
114,13,5
114,14,1
114,15,3
114,16,5
114,17,5
114,18,2
114,19,1
114,20,4
115,0,1
115,1,1
115,2,2
115,3,2
115,4,0
115,5,1
115,6,1
115,7,3
115,8,1
115,9,0
115,10,2
115,11,4
115,12,0
115,13,3
115,14,1
115,15,0
115,16,4
115,17,1
115,18,0
115,19,1
115,20,3
116,0,3
116,1,3
116,2,0
116,3,2
116,4,1
116,5,1
116,6,3
116,7,4
116,8,2
116,9,0
116,10,0
116,11,2
116,12,4
116,13,1
116,14,1
116,15,5
116,16,1
116,17,2
116,18,1
116,19,2
116,20,4
117,0,4
117,1,4
117,2,7
117,3,6
117,4,6
117,5,4
117,6,3
117,7,3
117,8,3
117,9,3
117,10,3
117,11,4
117,12,4
117,13,1
117,14,4
117,15,3
117,16,1
117,17,1
117,18,4
117,19,3
117,20,2
118,0,0
118,1,0
118,2,1
118,3,0
118,4,0
118,5,0
118,6,0
118,7,0
118,8,2
118,9,1
118,10,0
118,11,0
118,12,0
118,13,0
118,14,0
118,15,0
118,16,0
118,17,0
118,18,0
118,19,0
118,20,1
119,0,0
119,1,0
119,2,0
119,3,1
119,4,0
119,5,0
119,6,0
119,7,1
119,8,0
119,9,0
119,10,0
119,11,0
119,12,0
119,13,0
119,14,0
119,15,0
119,16,0
119,17,0
119,18,0
119,19,0
119,20,0
120,0,0
120,1,0
120,2,0
120,3,0
120,4,0
120,5,0
120,6,0
120,7,0
120,8,0
120,9,0
120,10,0
120,11,0
120,12,0
120,13,0
120,14,0
120,15,0
120,16,0
120,17,0
120,18,0
120,19,0
120,20,0
121,0,3
121,1,1
121,2,0
121,3,0
121,4,3
121,5,3
121,6,0
121,7,2
121,8,0
121,9,2
121,10,3
121,11,0
121,12,0
121,13,2
121,14,1
121,15,1
121,16,2
121,17,2
121,18,1
121,19,0
121,20,3
122,0,2
122,1,5
122,2,5
122,3,8
122,4,2
122,5,6
122,6,10
122,7,4
122,8,8
122,9,6
122,10,3
122,11,1
122,12,3
122,13,5
122,14,4
122,15,7
122,16,3
122,17,7
122,18,5
122,19,6
122,20,6
123,0,2
123,1,3
123,2,2
123,3,2
123,4,3
123,5,1
123,6,3
123,7,2
123,8,3
123,9,3
123,10,2
123,11,6
123,12,3
123,13,4
123,14,2
123,15,0
123,16,4
123,17,3
123,18,0
123,19,1
123,20,3
124,0,0
124,1,0
124,2,0
124,3,0
124,4,0
124,5,1
124,6,0
124,7,0
124,8,1
124,9,0
124,10,0
124,11,1
124,12,0
124,13,1
124,14,0
124,15,1
124,16,0
124,17,1
124,18,0
124,19,0
124,20,0
125,0,0
125,1,0
125,2,0
125,3,0
125,4,0
125,5,0
125,6,0
125,7,0
125,8,0
125,9,0
125,10,0
125,11,0
125,12,0
125,13,0
125,14,0
125,15,0
125,16,0
125,17,0
125,18,0
125,19,0
125,20,0
126,0,0
126,1,0
126,2,2
126,3,0
126,4,0
126,5,0
126,6,0
126,7,0
126,8,0
126,9,1
126,10,2
126,11,1
126,12,0
126,13,0
126,14,0
126,15,0
126,16,0
126,17,1
126,18,0
126,19,0
126,20,0
127,0,0
127,1,0
127,2,0
127,3,0
127,4,1
127,5,0
127,6,0
127,7,0
127,8,0
127,9,0
127,10,0
127,11,0
127,12,0
127,13,0
127,14,1
127,15,0
127,16,0
127,17,0
127,18,0
127,19,0
127,20,0
128,0,0
128,1,0
128,2,0
128,3,0
128,4,0
128,5,0
128,6,0
128,7,0
128,8,0
128,9,0
128,10,0
128,11,0
128,12,0
128,13,0
128,14,0
128,15,0
128,16,0
128,17,0
128,18,0
128,19,0
128,20,0
129,0,4
129,1,2
129,2,3
129,3,5
129,4,3
129,5,3
129,6,5
129,7,3
129,8,6
129,9,5
129,10,3
129,11,6
129,12,3
129,13,2
129,14,5
129,15,5
129,16,3
129,17,2
129,18,4
129,19,2
129,20,4
130,0,2
130,1,0
130,2,0
130,3,0
130,4,0
130,5,1
130,6,1
130,7,1
130,8,0
130,9,1
130,10,1
130,11,1
130,12,3
130,13,0
130,14,0
130,15,2
130,16,0
130,17,1
130,18,1
130,19,1
130,20,1
131,0,0
131,1,0
131,2,0
131,3,0
131,4,1
131,5,1
131,6,1
131,7,0
131,8,0
131,9,0
131,10,0
131,11,0
131,12,0
131,13,0
131,14,0
131,15,1
131,16,0
131,17,0
131,18,0
131,19,0
131,20,0
132,0,0
132,1,0
132,2,2
132,3,3
132,4,1
132,5,1
132,6,1
132,7,3
132,8,1
132,9,0
132,10,2
132,11,0
132,12,3
132,13,0
132,14,0
132,15,1
132,16,0
132,17,0
132,18,0
132,19,2
132,20,0
133,0,1
133,1,1
133,2,4
133,3,3
133,4,2
133,5,2
133,6,3
133,7,3
133,8,3
133,9,3
133,10,0
133,11,3
133,12,1
133,13,4
133,14,1
133,15,1
133,16,4
133,17,1
133,18,0
133,19,3
133,20,2
134,0,2
134,1,1
134,2,1
134,3,2
134,4,2
134,5,4
134,6,1
134,7,1
134,8,1
134,9,1
134,10,2
134,11,1
134,12,1
134,13,2
134,14,1
134,15,4
134,16,1
134,17,0
134,18,3
134,19,0
134,20,4
135,0,0
135,1,0
135,2,0
135,3,0
135,4,0
135,5,0
135,6,0
135,7,0
135,8,0
135,9,0
135,10,0
135,11,0
135,12,0
135,13,0
135,14,0
135,15,0
135,16,0
135,17,0
135,18,0
135,19,0
135,20,1
136,0,0
136,1,0
136,2,0
136,3,1
136,4,0
136,5,0
136,6,0
136,7,0
136,8,0
136,9,0
136,10,0
136,11,0
136,12,0
136,13,1
136,14,0
136,15,0
136,16,0
136,17,0
136,18,1
136,19,0
136,20,0
137,0,2
137,1,2
137,2,4
137,3,1
137,4,1
137,5,3
137,6,2
137,7,4
137,8,0
137,9,2
137,10,2
137,11,1
137,12,4
137,13,1
137,14,1
137,15,1
137,16,4
137,17,1
137,18,2
137,19,3
137,20,3
138,0,2
138,1,0
138,2,0
138,3,3
138,4,0
138,5,0
138,6,0
138,7,1
138,8,1
138,9,2
138,10,0
138,11,3
138,12,1
138,13,0
138,14,4
138,15,0
138,16,1
138,17,0
138,18,2
138,19,0
138,20,0
139,0,0
139,1,0
139,2,0
139,3,0
139,4,0
139,5,2
139,6,1
139,7,0
139,8,0
139,9,0
139,10,2
139,11,3
139,12,4
139,13,1
139,14,0
139,15,2
139,16,1
139,17,0
139,18,1
139,19,0
139,20,3
140,0,0
140,1,0
140,2,3
140,3,1
140,4,0
140,5,0
140,6,0
140,7,0
140,8,0
140,9,0
140,10,1
140,11,0
140,12,1
140,13,2
140,14,0
140,15,1
140,16,0
140,17,0
140,18,0
140,19,1
140,20,0
141,0,0
141,1,0
141,2,0
141,3,0
141,4,0
141,5,0
141,6,1
141,7,1
141,8,0
141,9,0
141,10,0
141,11,0
141,12,0
141,13,0
141,14,0
141,15,0
141,16,0
141,17,0
141,18,0
141,19,0
141,20,1
142,0,8
142,1,5
142,2,6
142,3,6
142,4,4
142,5,7
142,6,6
142,7,6
142,8,7
142,9,4
142,10,6
142,11,4
142,12,7
142,13,1
142,14,4
142,15,2
142,16,7
142,17,5
142,18,4
142,19,7
142,20,8
143,0,0
143,1,0
143,2,0
143,3,0
143,4,0
143,5,0
143,6,1
143,7,0
143,8,0
143,9,0
143,10,0
143,11,0
143,12,0
143,13,0
143,14,0
143,15,1
143,16,0
143,17,1
143,18,0
143,19,0
143,20,0
144,0,1
144,1,1
144,2,1
144,3,4
144,4,0
144,5,3
144,6,1
144,7,1
144,8,2
144,9,6
144,10,1
144,11,0
144,12,1
144,13,4
144,14,2
144,15,2
144,16,2
144,17,3
144,18,3
144,19,1
144,20,0
145,0,5
145,1,3
145,2,5
145,3,4
145,4,5
145,5,5
145,6,3
145,7,3
145,8,3
145,9,6
145,10,3
145,11,5
145,12,2
145,13,5
145,14,8
145,15,5
145,16,3
145,17,9
145,18,9
145,19,4
145,20,2
146,0,0
146,1,1
146,2,2
146,3,2
146,4,0
146,5,1
146,6,2
146,7,3
146,8,1
146,9,1
146,10,1
146,11,1
146,12,1
146,13,2
146,14,0
146,15,0
146,16,0
146,17,1
146,18,0
146,19,1
146,20,1
147,0,2
147,1,2
147,2,4
147,3,3
147,4,1
147,5,1
147,6,4
147,7,3
147,8,2
147,9,2
147,10,2
147,11,3
147,12,2
147,13,4
147,14,1
147,15,2
147,16,1
147,17,1
147,18,1
147,19,1
147,20,2
148,0,0
148,1,0
148,2,0
148,3,0
148,4,0
148,5,0
148,6,0
148,7,0
148,8,0
148,9,0
148,10,0
148,11,0
148,12,0
148,13,0
148,14,0
148,15,0
148,16,0
148,17,0
148,18,0
148,19,0
148,20,0
149,0,0
149,1,0
149,2,0
149,3,0
149,4,0
149,5,0
149,6,1
149,7,0
149,8,0
149,9,0
149,10,0
149,11,0
149,12,0
149,13,0
149,14,0
149,15,1
149,16,0
149,17,1
149,18,0
149,19,0
149,20,0
150,0,0
150,1,0
150,2,0
150,3,0
150,4,0
150,5,0
150,6,0
150,7,0
150,8,0
150,9,0
150,10,0
150,11,0
150,12,0
150,13,0
150,14,0
150,15,0
150,16,0
150,17,0
150,18,0
150,19,0
150,20,0
151,0,2
151,1,0
151,2,0
151,3,0
151,4,0
151,5,1
151,6,1
151,7,1
151,8,0
151,9,1
151,10,1
151,11,1
151,12,3
151,13,0
151,14,0
151,15,2
151,16,0
151,17,1
151,18,1
151,19,1
151,20,1
152,0,0
152,1,2
152,2,1
152,3,3
152,4,0
152,5,1
152,6,0
152,7,0
152,8,1
152,9,1
152,10,1
152,11,2
152,12,0
152,13,1
152,14,1
152,15,0
152,16,0
152,17,1
152,18,0
152,19,1
152,20,0
153,0,0
153,1,0
153,2,0
153,3,0
153,4,0
153,5,0
153,6,0
153,7,0
153,8,0
153,9,0
153,10,0
153,11,0
153,12,0
153,13,0
153,14,0
153,15,0
153,16,0
153,17,0
153,18,0
153,19,0
153,20,0
154,0,1
154,1,1
154,2,3
154,3,1
154,4,0
154,5,1
154,6,1
154,7,3
154,8,1
154,9,0
154,10,0
154,11,1
154,12,0
154,13,0
154,14,0
154,15,3
154,16,2
154,17,1
154,18,0
154,19,1
154,20,2
155,0,0
155,1,0
155,2,0
155,3,1
155,4,1
155,5,0
155,6,0
155,7,1
155,8,0
155,9,0
155,10,0
155,11,0
155,12,1
155,13,1
155,14,0
155,15,1
155,16,0
155,17,0
155,18,0
155,19,0
155,20,2
156,0,0
156,1,0
156,2,0
156,3,1
156,4,2
156,5,0
156,6,0
156,7,0
156,8,0
156,9,1
156,10,0
156,11,0
156,12,0
156,13,0
156,14,0
156,15,1
156,16,0
156,17,0
156,18,0
156,19,1
156,20,0
157,0,1
157,1,1
157,2,0
157,3,0
157,4,0
157,5,5
157,6,1
157,7,0
157,8,0
157,9,1
157,10,2
157,11,3
157,12,6
157,13,1
157,14,0
157,15,2
157,16,1
157,17,0
157,18,3
157,19,1
157,20,3
158,0,2
158,1,3
158,2,7
158,3,6
158,4,2
158,5,5
158,6,8
158,7,5
158,8,5
158,9,4
158,10,3
158,11,2
158,12,5
158,13,2
158,14,4
158,15,2
158,16,2
158,17,6
158,18,4
158,19,3
158,20,5
159,0,4
159,1,0
159,2,0
159,3,1
159,4,1
159,5,1
159,6,1
159,7,1
159,8,0
159,9,4
159,10,1
159,11,1
159,12,3
159,13,1
159,14,0
159,15,3
159,16,1
159,17,1
159,18,1
159,19,2
159,20,1
160,0,4
160,1,3
160,2,3
160,3,3
160,4,7
160,5,5
160,6,1
160,7,2
160,8,5
160,9,2
160,10,6
160,11,6
160,12,4
160,13,9
160,14,1
160,15,12
160,16,4
160,17,4
160,18,3
160,19,3
160,20,0
161,0,1
161,1,3
161,2,1
161,3,2
161,4,2
161,5,0
161,6,0
161,7,0
161,8,3
161,9,0
161,10,2
161,11,2
161,12,2
161,13,1
161,14,4
161,15,0
161,16,0
161,17,1
161,18,3
161,19,0
161,20,1
162,0,0
162,1,0
162,2,0
162,3,0
162,4,0
162,5,1
162,6,1
162,7,0
162,8,0
162,9,0
162,10,0
162,11,0
162,12,1
162,13,0
162,14,0
162,15,0
162,16,0
162,17,0
162,18,0
162,19,0
162,20,0
163,0,1
163,1,1
163,2,2
163,3,1
163,4,0
163,5,0
163,6,0
163,7,1
163,8,0
163,9,0
163,10,1
163,11,1
163,12,1
163,13,0
163,14,1
163,15,0
163,16,0
163,17,0
163,18,2
163,19,0
163,20,0
164,0,0
164,1,0
164,2,0
164,3,0
164,4,1
164,5,1
164,6,0
164,7,0
164,8,0
164,9,0
164,10,1
164,11,0
164,12,1
164,13,1
164,14,0
164,15,0
164,16,1
164,17,0
164,18,0
164,19,1
164,20,0
165,0,0
165,1,0
165,2,0
165,3,0
165,4,0
165,5,0
165,6,0
165,7,0
165,8,0
165,9,0
165,10,0
165,11,0
165,12,0
165,13,0
165,14,0
165,15,0
165,16,0
165,17,0
165,18,0
165,19,0
165,20,0
166,0,1
166,1,0
166,2,0
166,3,0
166,4,1
166,5,0
166,6,0
166,7,0
166,8,0
166,9,0
166,10,0
166,11,0
166,12,0
166,13,0
166,14,0
166,15,0
166,16,0
166,17,0
166,18,0
166,19,0
166,20,1
167,0,0
167,1,0
167,2,0
167,3,0
167,4,0
167,5,0
167,6,0
167,7,0
167,8,0
167,9,1
167,10,0
167,11,0
167,12,0
167,13,1
167,14,0
167,15,0
167,16,0
167,17,0
167,18,0
167,19,0
167,20,0
168,0,2
168,1,3
168,2,0
168,3,1
168,4,2
168,5,3
168,6,4
168,7,0
168,8,4
168,9,1
168,10,2
168,11,3
168,12,4
168,13,4
168,14,0
168,15,3
168,16,3
168,17,2
168,18,1
168,19,2
168,20,3
169,0,7
169,1,4
169,2,3
169,3,0
169,4,5
169,5,3
169,6,1
169,7,2
169,8,5
169,9,2
169,10,6
169,11,2
169,12,1
169,13,3
169,14,3
169,15,3
169,16,3
169,17,5
169,18,3
169,19,3
169,20,2
170,0,8
170,1,5
170,2,6
170,3,4
170,4,4
170,5,12
170,6,10
170,7,5
170,8,5
170,9,3
170,10,6
170,11,10
170,12,15
170,13,5
170,14,5
170,15,7
170,16,5
170,17,7
170,18,10
170,19,7
170,20,7
171,0,1
171,1,1
171,2,2
171,3,0
171,4,0
171,5,3
171,6,2
171,7,1
171,8,2
171,9,0
171,10,2
171,11,2
171,12,3
171,13,1
171,14,1
171,15,2
171,16,1
171,17,2
171,18,1
171,19,2
171,20,1
172,0,4
172,1,0
172,2,2
172,3,1
172,4,8
172,5,0
172,6,1
172,7,3
172,8,2
172,9,2
172,10,1
172,11,0
172,12,2
172,13,2
172,14,0
172,15,4
172,16,0
172,17,1
172,18,1
172,19,1
172,20,2
173,0,1
173,1,1
173,2,0
173,3,0
173,4,0
173,5,1
173,6,0
173,7,0
173,8,1
173,9,1
173,10,1
173,11,0
173,12,1
173,13,0
173,14,0
173,15,0
173,16,0
173,17,0
173,18,0
173,19,0
173,20,0
174,0,4
174,1,4
174,2,4
174,3,4
174,4,7
174,5,1
174,6,5
174,7,7
174,8,3
174,9,4
174,10,3
174,11,5
174,12,2
174,13,4
174,14,2
174,15,5
174,16,5
174,17,3
174,18,5
174,19,6
174,20,8
175,0,1
175,1,2
175,2,4
175,3,2
175,4,2
175,5,0
175,6,1
175,7,2
175,8,0
175,9,0
175,10,0
175,11,4
175,12,5
175,13,1
175,14,3
175,15,4
175,16,1
175,17,4
175,18,5
175,19,1
175,20,7
176,0,1
176,1,0
176,2,0
176,3,0
176,4,0
176,5,0
176,6,1
176,7,0
176,8,1
176,9,0
176,10,0
176,11,0
176,12,0
176,13,0
176,14,0
176,15,2
176,16,0
176,17,1
176,18,0
176,19,0
176,20,1
177,0,1
177,1,3
177,2,5
177,3,6
177,4,3
177,5,2
177,6,0
177,7,3
177,8,2
177,9,5
177,10,2
177,11,1
177,12,1
177,13,4
177,14,1
177,15,2
177,16,2
177,17,4
177,18,3
177,19,2
177,20,4
178,0,2
178,1,5
178,2,5
178,3,8
178,4,2
178,5,6
178,6,10
178,7,4
178,8,8
178,9,6
178,10,3
178,11,1
178,12,3
178,13,5
178,14,4
178,15,7
178,16,3
178,17,7
178,18,5
178,19,6
178,20,6
179,0,0
179,1,0
179,2,1
179,3,1
179,4,1
179,5,0
179,6,0
179,7,1
179,8,0
179,9,0
179,10,1
179,11,0
179,12,0
179,13,0
179,14,2
179,15,0
179,16,0
179,17,0
179,18,0
179,19,0
179,20,0
180,0,0
180,1,1
180,2,0
180,3,2
180,4,0
180,5,0
180,6,1
180,7,0
180,8,1
180,9,1
180,10,3
180,11,1
180,12,3
180,13,1
180,14,2
180,15,2
180,16,1
180,17,1
180,18,1
180,19,1
180,20,1
181,0,0
181,1,0
181,2,1
181,3,0
181,4,0
181,5,0
181,6,0
181,7,0
181,8,2
181,9,1
181,10,0
181,11,0
181,12,0
181,13,0
181,14,0
181,15,0
181,16,0
181,17,0
181,18,0
181,19,0
181,20,1
182,0,0
182,1,8
182,2,3
182,3,1
182,4,0
182,5,2
182,6,0
182,7,1
182,8,0
182,9,1
182,10,3
182,11,0
182,12,2
182,13,0
182,14,1
182,15,1
182,16,4
182,17,2
182,18,2
182,19,0
182,20,1
183,0,6
183,1,0
183,2,2
183,3,2
183,4,8
183,5,1
183,6,1
183,7,3
183,8,2
183,9,3
183,10,1
183,11,0
183,12,3
183,13,3
183,14,1
183,15,5
183,16,0
183,17,1
183,18,1
183,19,2
183,20,3
184,0,1
184,1,1
184,2,0
184,3,0
184,4,0
184,5,0
184,6,1
184,7,2
184,8,0
184,9,0
184,10,1
184,11,1
184,12,0
184,13,2
184,14,0
184,15,0
184,16,1
184,17,0
184,18,1
184,19,1
184,20,1
185,0,1
185,1,0
185,2,1
185,3,0
185,4,0
185,5,0
185,6,0
185,7,1
185,8,0
185,9,0
185,10,0
185,11,0
185,12,1
185,13,0
185,14,0
185,15,0
185,16,0
185,17,0
185,18,0
185,19,0
185,20,0
186,0,0
186,1,4
186,2,4
186,3,2
186,4,2
186,5,1
186,6,0
186,7,3
186,8,3
186,9,0
186,10,0
186,11,3
186,12,2
186,13,1
186,14,2
186,15,2
186,16,1
186,17,1
186,18,1
186,19,2
186,20,3
187,0,4
187,1,1
187,2,8
187,3,4
187,4,5
187,5,2
187,6,3
187,7,3
187,8,6
187,9,4
187,10,0
187,11,5
187,12,4
187,13,6
187,14,3
187,15,3
187,16,7
187,17,2
187,18,3
187,19,8
187,20,2
188,0,0
188,1,1
188,2,1
188,3,1
188,4,1
188,5,1
188,6,3
188,7,2
188,8,1
188,9,2
188,10,0
188,11,1
188,12,1
188,13,1
188,14,1
188,15,1
188,16,2
188,17,1
188,18,0
188,19,2
188,20,1
189,0,0
189,1,0
189,2,0
189,3,0
189,4,0
189,5,0
189,6,0
189,7,0
189,8,0
189,9,0
189,10,0
189,11,0
189,12,0
189,13,0
189,14,0
189,15,0
189,16,0
189,17,0
189,18,0
189,19,0
189,20,0
190,0,0
190,1,2
190,2,0
190,3,0
190,4,1
190,5,4
190,6,2
190,7,0
190,8,0
190,9,1
190,10,0
190,11,2
190,12,2
190,13,0
190,14,2
190,15,0
190,16,1
190,17,0
190,18,2
190,19,2
190,20,0
191,0,0
191,1,0
191,2,0
191,3,0
191,4,0
191,5,0
191,6,1
191,7,0
191,8,0
191,9,0
191,10,0
191,11,0
191,12,0
191,13,0
191,14,0
191,15,1
191,16,0
191,17,0
191,18,0
191,19,0
191,20,0
192,0,0
192,1,1
192,2,1
192,3,1
192,4,3
192,5,3
192,6,2
192,7,2
192,8,0
192,9,0
192,10,2
192,11,4
192,12,2
192,13,2
192,14,0
192,15,1
192,16,3
192,17,5
192,18,2
192,19,2
192,20,3
193,0,0
193,1,0
193,2,0
193,3,0
193,4,0
193,5,1
193,6,1
193,7,0
193,8,0
193,9,0
193,10,1
193,11,0
193,12,0
193,13,0
193,14,0
193,15,0
193,16,0
193,17,0
193,18,0
193,19,0
193,20,0
194,0,0
194,1,0
194,2,0
194,3,0
194,4,0
194,5,0
194,6,0
194,7,0
194,8,0
194,9,0
194,10,0
194,11,0
194,12,0
194,13,0
194,14,0
194,15,0
194,16,0
194,17,0
194,18,0
194,19,0
194,20,0
195,0,4
195,1,4
195,2,7
195,3,3
195,4,4
195,5,2
195,6,3
195,7,3
195,8,2
195,9,1
195,10,5
195,11,4
195,12,4
195,13,5
195,14,3
195,15,3
195,16,6
195,17,7
195,18,3
195,19,4
195,20,4
196,0,1
196,1,1
196,2,4
196,3,1
196,4,2
196,5,1
196,6,2
196,7,1
196,8,4
196,9,3
196,10,1
196,11,4
196,12,0
196,13,2
196,14,2
196,15,3
196,16,0
196,17,1
196,18,1
196,19,2
196,20,1
197,0,0
197,1,0
197,2,0
197,3,0
197,4,0
197,5,0
197,6,0
197,7,0
197,8,2
197,9,0
197,10,0
197,11,0
197,12,0
197,13,0
197,14,0
197,15,0
197,16,0
197,17,0
197,18,0
197,19,0
197,20,0
198,0,0
198,1,1
198,2,0
198,3,2
198,4,0
198,5,0
198,6,0
198,7,0
198,8,1
198,9,0
198,10,0
198,11,0
198,12,0
198,13,0
198,14,0
198,15,0
198,16,0
198,17,0
198,18,0
198,19,0
198,20,0
199,0,1
199,1,0
199,2,2
199,3,1
199,4,1
199,5,2
199,6,1
199,7,2
199,8,1
199,9,1
199,10,0
199,11,1
199,12,1
199,13,2
199,14,1
199,15,0
199,16,3
199,17,0
199,18,1
199,19,0
199,20,1
200,0,0
200,1,0
200,2,0
200,3,0
200,4,1
200,5,0
200,6,0
200,7,0
200,8,0
200,9,0
200,10,0
200,11,0
200,12,0
200,13,0
200,14,0
200,15,0
200,16,0
200,17,0
200,18,0
200,19,0
200,20,0
201,0,0
201,1,0
201,2,0
201,3,0
201,4,0
201,5,0
201,6,0
201,7,0
201,8,0
201,9,0
201,10,1
201,11,1
201,12,0
201,13,0
201,14,0
201,15,0
201,16,0
201,17,0
201,18,0
201,19,0
201,20,1
202,0,1
202,1,1
202,2,2
202,3,2
202,4,3
202,5,1
202,6,1
202,7,2
202,8,1
202,9,1
202,10,0
202,11,1
202,12,1
202,13,2
202,14,0
202,15,0
202,16,3
202,17,0
202,18,2
202,19,1
202,20,2
203,0,0
203,1,0
203,2,0
203,3,0
203,4,0
203,5,0
203,6,0
203,7,0
203,8,0
203,9,0
203,10,0
203,11,0
203,12,0
203,13,0
203,14,0
203,15,0
203,16,0
203,17,0
203,18,0
203,19,0
203,20,0
204,0,2
204,1,2
204,2,1
204,3,0
204,4,0
204,5,2
204,6,3
204,7,1
204,8,3
204,9,1
204,10,1
204,11,1
204,12,0
204,13,1
204,14,2
204,15,1
204,16,1
204,17,1
204,18,1
204,19,1
204,20,2
205,0,0
205,1,0
205,2,1
205,3,0
205,4,0
205,5,0
205,6,1
205,7,1
205,8,0
205,9,0
205,10,0
205,11,0
205,12,1
205,13,0
205,14,0
205,15,0
205,16,0
205,17,0
205,18,0
205,19,0
205,20,0
206,0,0
206,1,0
206,2,0
206,3,0
206,4,0
206,5,0
206,6,0
206,7,2
206,8,0
206,9,0
206,10,0
206,11,0
206,12,0
206,13,0
206,14,0
206,15,0
206,16,0
206,17,1
206,18,0
206,19,0
206,20,0
207,0,4
207,1,3
207,2,2
207,3,2
207,4,1
207,5,6
207,6,6
207,7,3
207,8,3
207,9,3
207,10,3
207,11,4
207,12,2
207,13,2
207,14,5
207,15,3
207,16,2
207,17,3
207,18,2
207,19,2
207,20,5
208,0,5
208,1,0
208,2,5
208,3,7
208,4,0
208,5,3
208,6,0
208,7,8
208,8,4
208,9,4
208,10,6
208,11,2
208,12,5
208,13,4
208,14,1
208,15,4
208,16,4
208,17,3
208,18,5
208,19,2
208,20,3
209,0,1
209,1,1
209,2,0
209,3,0
209,4,0
209,5,0
209,6,2
209,7,2
209,8,1
209,9,0
209,10,0
209,11,1
209,12,2
209,13,0
209,14,0
209,15,4
209,16,0
209,17,2
209,18,0
209,19,2
209,20,2
210,0,2
210,1,4
210,2,3
210,3,1
210,4,2
210,5,3
210,6,1
210,7,4
210,8,3
210,9,2
210,10,1
210,11,1
210,12,2
210,13,4
210,14,3
210,15,1
210,16,3
210,17,1
210,18,2
210,19,3
210,20,1
211,0,6
211,1,5
211,2,7
211,3,6
211,4,8
211,5,7
211,6,3
211,7,8
211,8,6
211,9,8
211,10,7
211,11,3
211,12,8
211,13,9
211,14,10
211,15,4
211,16,13
211,17,8
211,18,9
211,19,4
211,20,11
212,0,0
212,1,0
212,2,2
212,3,2
212,4,2
212,5,0
212,6,0
212,7,1
212,8,3
212,9,1
212,10,1
212,11,1
212,12,0
212,13,2
212,14,1
212,15,0
212,16,0
212,17,0
212,18,1
212,19,2
212,20,1
213,0,0
213,1,2
213,2,0
213,3,0
213,4,0
213,5,0
213,6,1
213,7,1
213,8,1
213,9,0
213,10,0
213,11,0
213,12,0
213,13,1
213,14,2
213,15,2
213,16,0
213,17,0
213,18,0
213,19,1
213,20,2
214,0,0
214,1,0
214,2,0
214,3,0
214,4,0
214,5,0
214,6,0
214,7,0
214,8,0
214,9,0
214,10,1
214,11,0
214,12,0
214,13,0
214,14,0
214,15,0
214,16,0
214,17,0
214,18,0
214,19,0
214,20,0
215,0,3
215,1,1
215,2,4
215,3,4
215,4,4
215,5,2
215,6,5
215,7,2
215,8,3
215,9,2
215,10,4
215,11,4
215,12,4
215,13,1
215,14,2
215,15,6
215,16,4
215,17,8
215,18,3
215,19,3
215,20,0
216,0,0
216,1,0
216,2,0
216,3,0
216,4,0
216,5,0
216,6,0
216,7,0
216,8,0
216,9,0
216,10,0
216,11,0
216,12,0
216,13,0
216,14,0
216,15,0
216,16,0
216,17,0
216,18,0
216,19,0
216,20,0
217,0,0
217,1,0
217,2,0
217,3,0
217,4,0
217,5,0
217,6,0
217,7,0
217,8,0
217,9,1
217,10,0
217,11,0
217,12,0
217,13,0
217,14,0
217,15,0
217,16,0
217,17,0
217,18,0
217,19,0
217,20,0
218,0,1
218,1,0
218,2,0
218,3,0
218,4,0
218,5,0
218,6,0
218,7,0
218,8,0
218,9,0
218,10,0
218,11,0
218,12,0
218,13,0
218,14,0
218,15,0
218,16,0
218,17,0
218,18,0
218,19,0
218,20,0
219,0,0
219,1,0
219,2,1
219,3,0
219,4,0
219,5,0
219,6,0
219,7,0
219,8,2
219,9,1
219,10,0
219,11,0
219,12,0
219,13,0
219,14,0
219,15,0
219,16,0
219,17,0
219,18,0
219,19,0
219,20,1
220,0,0
220,1,0
220,2,1
220,3,0
220,4,0
220,5,0
220,6,0
220,7,0
220,8,0
220,9,0
220,10,0
220,11,0
220,12,0
220,13,0
220,14,0
220,15,1
220,16,0
220,17,0
220,18,0
220,19,1
220,20,0
221,0,3
221,1,4
221,2,0
221,3,2
221,4,1
221,5,1
221,6,2
221,7,4
221,8,2
221,9,0
221,10,0
221,11,3
221,12,4
221,13,1
221,14,1
221,15,4
221,16,1
221,17,3
221,18,1
221,19,1
221,20,3
222,0,0
222,1,0
222,2,0
222,3,0
222,4,0
222,5,0
222,6,0
222,7,0
222,8,0
222,9,0
222,10,0
222,11,0
222,12,0
222,13,0
222,14,0
222,15,0
222,16,0
222,17,1
222,18,0
222,19,0
222,20,0
223,0,3
223,1,9
223,2,0
223,3,0
223,4,4
223,5,2
223,6,2
223,7,2
223,8,4
223,9,4
223,10,3
223,11,3
223,12,8
223,13,5
223,14,3
223,15,2
223,16,5
223,17,2
223,18,0
223,19,0
223,20,3
224,0,0
224,1,0
224,2,0
224,3,0
224,4,0
224,5,0
224,6,0
224,7,0
224,8,0
224,9,0
224,10,0
224,11,0
224,12,0
224,13,0
224,14,0
224,15,0
224,16,0
224,17,0
224,18,0
224,19,0
224,20,0
225,0,0
225,1,1
225,2,0
225,3,0
225,4,2
225,5,1
225,6,2
225,7,1
225,8,0
225,9,0
225,10,0
225,11,0
225,12,2
225,13,1
225,14,0
225,15,1
225,16,1
225,17,0
225,18,3
225,19,0
225,20,0
226,0,0
226,1,1
226,2,0
226,3,0
226,4,0
226,5,0
226,6,1
226,7,0
226,8,0
226,9,0
226,10,0
226,11,1
226,12,1
226,13,0
226,14,0
226,15,0
226,16,0
226,17,0
226,18,0
226,19,0
226,20,0
227,0,1
227,1,1
227,2,0
227,3,2
227,4,1
227,5,2
227,6,0
227,7,1
227,8,1
227,9,0
227,10,1
227,11,2
227,12,2
227,13,0
227,14,1
227,15,2
227,16,2
227,17,1
227,18,1
227,19,2
227,20,0
228,0,0
228,1,0
228,2,0
228,3,0
228,4,0
228,5,0
228,6,0
228,7,0
228,8,0
228,9,0
228,10,0
228,11,0
228,12,0
228,13,0
228,14,0
228,15,0
228,16,0
228,17,0
228,18,0
228,19,0
228,20,0
229,0,0
229,1,0
229,2,0
229,3,0
229,4,0
229,5,0
229,6,1
229,7,0
229,8,0
229,9,0
229,10,0
229,11,1
229,12,0
229,13,0
229,14,0
229,15,0
229,16,0
229,17,0
229,18,0
229,19,0
229,20,0
230,0,2
230,1,5
230,2,5
230,3,8
230,4,1
230,5,6
230,6,10
230,7,4
230,8,8
230,9,6
230,10,3
230,11,1
230,12,3
230,13,5
230,14,4
230,15,7
230,16,3
230,17,7
230,18,5
230,19,6
230,20,6
231,0,2
231,1,2
231,2,1
231,3,0
231,4,4
231,5,0
231,6,1
231,7,1
231,8,1
231,9,1
231,10,0
231,11,0
231,12,1
231,13,0
231,14,4
231,15,1
231,16,1
231,17,0
231,18,0
231,19,1
231,20,1
232,0,7
232,1,5
232,2,4
232,3,5
232,4,5
232,5,4
232,6,6
232,7,3
232,8,6
232,9,5
232,10,7
232,11,4
232,12,6
232,13,2
232,14,3
232,15,2
232,16,5
232,17,2
232,18,9
232,19,9
232,20,8
233,0,0
233,1,2
233,2,0
233,3,3
233,4,3
233,5,1
233,6,2
233,7,0
233,8,2
233,9,1
233,10,0
233,11,0
233,12,0
233,13,0
233,14,0
233,15,1
233,16,2
233,17,0
233,18,0
233,19,1
233,20,1
234,0,2
234,1,5
234,2,0
234,3,4
234,4,3
234,5,1
234,6,4
234,7,1
234,8,2
234,9,4
234,10,2
234,11,4
234,12,3
234,13,3
234,14,3
234,15,0
234,16,0
234,17,2
234,18,0
234,19,7
234,20,1
235,0,0
235,1,0
235,2,0
235,3,0
235,4,1
235,5,0
235,6,2
235,7,1
235,8,0
235,9,1
235,10,0
235,11,0
235,12,0
235,13,0
235,14,1
235,15,1
235,16,0
235,17,1
235,18,0
235,19,1
235,20,0
236,0,0
236,1,0
236,2,0
236,3,0
236,4,0
236,5,0
236,6,0
236,7,0
236,8,0
236,9,0
236,10,0
236,11,0
236,12,0
236,13,0
236,14,0
236,15,0
236,16,0
236,17,0
236,18,0
236,19,0
236,20,0
237,0,5
237,1,0
237,2,4
237,3,2
237,4,5
237,5,0
237,6,1
237,7,0
237,8,7
237,9,2
237,10,3
237,11,2
237,12,3
237,13,2
237,14,3
237,15,2
237,16,5
237,17,1
237,18,4
237,19,6
237,20,2
238,0,3
238,1,5
238,2,4
238,3,3
238,4,2
238,5,5
238,6,4
238,7,2
238,8,5
238,9,1
238,10,4
238,11,3
238,12,4
238,13,5
238,14,5
238,15,6
238,16,3
238,17,3
238,18,4
238,19,2
238,20,6
239,0,3
239,1,6
239,2,5
239,3,3
239,4,4
239,5,5
239,6,7
239,7,4
239,8,8
239,9,3
239,10,4
239,11,3
239,12,4
239,13,9
239,14,6
239,15,10
239,16,5
239,17,4
239,18,4
239,19,4
239,20,9
240,0,0
240,1,0
240,2,0
240,3,0
240,4,0
240,5,0
240,6,0
240,7,0
240,8,0
240,9,1
240,10,0
240,11,0
240,12,0
240,13,0
240,14,0
240,15,0
240,16,0
240,17,0
240,18,0
240,19,0
240,20,0
241,0,0
241,1,0
241,2,0
241,3,0
241,4,0
241,5,0
241,6,0
241,7,0
241,8,0
241,9,0
241,10,0
241,11,1
241,12,0
241,13,1
241,14,2
241,15,1
241,16,0
241,17,0
241,18,0
241,19,1
241,20,0
242,0,2
242,1,2
242,2,0
242,3,0
242,4,1
242,5,1
242,6,0
242,7,0
242,8,3
242,9,1
242,10,0
242,11,2
242,12,0
242,13,0
242,14,0
242,15,1
242,16,0
242,17,2
242,18,1
242,19,1
242,20,1
243,0,2
243,1,2
243,2,1
243,3,0
243,4,2
243,5,2
243,6,2
243,7,2
243,8,2
243,9,3
243,10,1
243,11,1
243,12,1
243,13,1
243,14,3
243,15,1
243,16,2
243,17,0
243,18,0
243,19,1
243,20,7
244,0,0
244,1,0
244,2,0
244,3,0
244,4,0
244,5,0
244,6,0
244,7,0
244,8,0
244,9,0
244,10,0
244,11,0
244,12,0
244,13,0
244,14,0
244,15,0
244,16,0
244,17,0
244,18,0
244,19,0
244,20,0
245,0,1
245,1,0
245,2,0
245,3,0
245,4,0
245,5,0
245,6,0
245,7,0
245,8,0
245,9,0
245,10,0
245,11,0
245,12,0
245,13,0
245,14,0
245,15,0
245,16,0
245,17,0
245,18,0
245,19,0
245,20,0
246,0,7
246,1,4
246,2,3
246,3,0
246,4,5
246,5,3
246,6,1
246,7,2
246,8,5
246,9,2
246,10,7
246,11,2
246,12,1
246,13,4
246,14,3
246,15,5
246,16,3
246,17,5
246,18,3
246,19,3
246,20,2
247,0,1
247,1,0
247,2,0
247,3,0
247,4,0
247,5,0
247,6,0
247,7,0
247,8,0
247,9,0
247,10,0
247,11,0
247,12,0
247,13,0
247,14,0
247,15,0
247,16,0
247,17,0
247,18,0
247,19,0
247,20,1
248,0,1
248,1,0
248,2,3
248,3,2
248,4,1
248,5,1
248,6,0
248,7,1
248,8,2
248,9,1
248,10,0
248,11,2
248,12,0
248,13,3
248,14,0
248,15,0
248,16,2
248,17,0
248,18,0
248,19,1
248,20,1
249,0,0
249,1,0
249,2,0
249,3,0
249,4,0
249,5,0
249,6,0
249,7,0
249,8,0
249,9,0
249,10,0
249,11,0
249,12,0
249,13,0
249,14,0
249,15,0
249,16,0
249,17,0
249,18,0
249,19,0
249,20,0
250,0,0
250,1,4
250,2,3
250,3,2
250,4,1
250,5,2
250,6,6
250,7,4
250,8,3
250,9,4
250,10,7
250,11,2
250,12,3
250,13,3
250,14,2
250,15,2
250,16,2
250,17,6
250,18,3
250,19,2
250,20,1
251,0,2
251,1,0
251,2,0
251,3,1
251,4,2
251,5,0
251,6,1
251,7,0
251,8,4
251,9,1
251,10,3
251,11,0
251,12,0
251,13,0
251,14,1
251,15,0
251,16,2
251,17,0
251,18,1
251,19,1
251,20,2
252,0,6
252,1,2
252,2,6
252,3,2
252,4,6
252,5,5
252,6,3
252,7,5
252,8,4
252,9,4
252,10,2
252,11,5
252,12,5
252,13,2
252,14,5
252,15,3
252,16,6
252,17,1
252,18,2
252,19,4
252,20,2
253,0,0
253,1,0
253,2,0
253,3,1
253,4,2
253,5,0
253,6,0
253,7,0
253,8,0
253,9,1
253,10,0
253,11,0
253,12,1
253,13,0
253,14,0
253,15,1
253,16,0
253,17,0
253,18,0
253,19,1
253,20,0
254,0,2
254,1,1
254,2,2
254,3,1
254,4,1
254,5,0
254,6,2
254,7,0
254,8,1
254,9,1
254,10,1
254,11,2
254,12,1
254,13,2
254,14,1
254,15,2
254,16,1
254,17,0
254,18,1
254,19,0
254,20,1
255,0,0
255,1,0
255,2,0
255,3,0
255,4,0
255,5,0
255,6,1
255,7,0
255,8,3
255,9,0
255,10,0
255,11,0
255,12,0
255,13,0
255,14,0
255,15,0
255,16,0
255,17,0
255,18,2
255,19,0
255,20,0
256,0,1
256,1,0
256,2,0
256,3,0
256,4,0
256,5,0
256,6,0
256,7,1
256,8,1
256,9,0
256,10,0
256,11,1
256,12,0
256,13,0
256,14,0
256,15,1
256,16,1
256,17,0
256,18,0
256,19,1
256,20,0
257,0,0
257,1,0
257,2,0
257,3,1
257,4,1
257,5,0
257,6,1
257,7,0
257,8,1
257,9,2
257,10,1
257,11,0
257,12,1
257,13,1
257,14,2
257,15,1
257,16,1
257,17,1
257,18,1
257,19,1
257,20,2
258,0,0
258,1,0
258,2,0
258,3,0
258,4,0
258,5,0
258,6,0
258,7,0
258,8,0
258,9,0
258,10,0
258,11,1
258,12,0
258,13,1
258,14,1
258,15,0
258,16,0
258,17,0
258,18,0
258,19,0
258,20,0
259,0,1
259,1,0
259,2,0
259,3,0
259,4,1
259,5,0
259,6,2
259,7,0
259,8,0
259,9,0
259,10,1
259,11,0
259,12,0
259,13,0
259,14,1
259,15,0
259,16,0
259,17,0
259,18,0
259,19,0
259,20,0
260,0,1
260,1,1
260,2,1
260,3,0
260,4,2
260,5,4
260,6,4
260,7,1
260,8,6
260,9,3
260,10,4
260,11,3
260,12,3
260,13,2
260,14,1
260,15,2
260,16,2
260,17,1
260,18,5
260,19,2
260,20,4
261,0,9
261,1,6
261,2,8
261,3,2
261,4,10
261,5,6
261,6,10
261,7,9
261,8,7
261,9,8
261,10,5
261,11,4
261,12,6
261,13,5
261,14,5
261,15,4
261,16,8
261,17,4
261,18,6
261,19,5
261,20,5
262,0,2
262,1,2
262,2,2
262,3,2
262,4,0
262,5,0
262,6,3
262,7,1
262,8,0
262,9,0
262,10,1
262,11,2
262,12,1
262,13,0
262,14,4
262,15,0
262,16,4
262,17,0
262,18,2
262,19,2
262,20,2
263,0,2
263,1,3
263,2,2
263,3,4
263,4,3
263,5,4
263,6,4
263,7,2
263,8,3
263,9,2
263,10,4
263,11,1
263,12,2
263,13,0
263,14,2
263,15,1
263,16,1
263,17,4
263,18,1
263,19,2
263,20,1
264,0,0
264,1,0
264,2,0
264,3,0
264,4,0
264,5,0
264,6,0
264,7,0
264,8,0
264,9,0
264,10,0
264,11,0
264,12,0
264,13,0
264,14,0
264,15,0
264,16,0
264,17,0
264,18,0
264,19,0
264,20,0
265,0,0
265,1,0
265,2,0
265,3,1
265,4,0
265,5,0
265,6,0
265,7,0
265,8,1
265,9,1
265,10,0
265,11,0
265,12,0
265,13,2
265,14,0
265,15,0
265,16,2
265,17,0
265,18,1
265,19,0
265,20,0
266,0,0
266,1,0
266,2,0
266,3,0
266,4,0
266,5,0
266,6,0
266,7,1
266,8,1
266,9,0
266,10,0
266,11,0
266,12,0
266,13,0
266,14,0
266,15,0
266,16,0
266,17,0
266,18,0
266,19,1
266,20,1
267,0,1
267,1,2
267,2,0
267,3,2
267,4,3
267,5,1
267,6,2
267,7,2
267,8,3
267,9,3
267,10,1
267,11,5
267,12,2
267,13,2
267,14,2
267,15,0
267,16,3
267,17,1
267,18,0
267,19,1
267,20,3
268,0,2
268,1,5
268,2,5
268,3,8
268,4,1
268,5,6
268,6,10
268,7,4
268,8,8
268,9,6
268,10,3
268,11,1
268,12,3
268,13,5
268,14,4
268,15,7
268,16,3
268,17,7
268,18,5
268,19,6
268,20,6
269,0,0
269,1,0
269,2,0
269,3,0
269,4,0
269,5,0
269,6,0
269,7,0
269,8,0
269,9,0
269,10,0
269,11,1
269,12,0
269,13,0
269,14,0
269,15,0
269,16,0
269,17,1
269,18,1
269,19,0
269,20,0
270,0,5
270,1,0
270,2,4
270,3,5
270,4,0
270,5,3
270,6,0
270,7,5
270,8,4
270,9,4
270,10,5
270,11,2
270,12,4
270,13,4
270,14,1
270,15,3
270,16,4
270,17,1
270,18,4
270,19,1
270,20,3
271,0,0
271,1,1
271,2,1
271,3,2
271,4,2
271,5,0
271,6,0
271,7,0
271,8,0
271,9,0
271,10,0
271,11,0
271,12,0
271,13,2
271,14,0
271,15,0
271,16,2
271,17,2
271,18,0
271,19,1
271,20,1
272,0,0
272,1,0
272,2,0
272,3,0
272,4,1
272,5,0
272,6,0
272,7,0
272,8,0
272,9,2
272,10,1
272,11,0
272,12,0
272,13,1
272,14,0
272,15,0
272,16,1
272,17,1
272,18,0
272,19,0
272,20,0
273,0,4
273,1,7
273,2,3
273,3,1
273,4,1
273,5,6
273,6,5
273,7,7
273,8,1
273,9,5
273,10,9
273,11,7
273,12,5
273,13,7
273,14,4
273,15,2
273,16,8
273,17,5
273,18,2
273,19,2
273,20,8
274,0,1
274,1,0
274,2,0
274,3,0
274,4,1
274,5,0
274,6,0
274,7,0
274,8,0
274,9,0
274,10,0
274,11,1
274,12,2
274,13,0
274,14,0
274,15,0
274,16,0
274,17,0
274,18,0
274,19,0
274,20,0
275,0,0
275,1,0
275,2,0
275,3,0
275,4,0
275,5,0
275,6,0
275,7,0
275,8,0
275,9,0
275,10,0
275,11,0
275,12,0
275,13,0
275,14,0
275,15,0
275,16,0
275,17,0
275,18,0
275,19,0
275,20,1
276,0,0
276,1,0
276,2,0
276,3,0
276,4,0
276,5,0
276,6,0
276,7,0
276,8,0
276,9,0
276,10,0
276,11,0
276,12,0
276,13,0
276,14,0
276,15,0
276,16,0
276,17,0
276,18,0
276,19,0
276,20,0
277,0,0
277,1,1
277,2,0
277,3,0
277,4,0
277,5,0
277,6,0
277,7,1
277,8,0
277,9,0
277,10,0
277,11,0
277,12,0
277,13,0
277,14,0
277,15,0
277,16,0
277,17,0
277,18,0
277,19,0
277,20,0
278,0,1
278,1,1
278,2,1
278,3,4
278,4,0
278,5,3
278,6,1
278,7,1
278,8,2
278,9,5
278,10,1
278,11,0
278,12,1
278,13,4
278,14,2
278,15,2
278,16,2
278,17,3
278,18,3
278,19,1
278,20,0
279,0,3
279,1,1
279,2,3
279,3,0
279,4,2
279,5,5
279,6,5
279,7,6
279,8,5
279,9,2
279,10,2
279,11,4
279,12,7
279,13,5
279,14,1
279,15,7
279,16,2
279,17,2
279,18,4
279,19,7
279,20,1
280,0,3
280,1,2
280,2,2
280,3,2
280,4,6
280,5,2
280,6,2
280,7,2
280,8,1
280,9,1
280,10,3
280,11,3
280,12,2
280,13,1
280,14,3
280,15,0
280,16,2
280,17,2
280,18,0
280,19,0
280,20,1
281,0,0
281,1,0
281,2,0
281,3,0
281,4,0
281,5,0
281,6,0
281,7,0
281,8,0
281,9,0
281,10,0
281,11,0
281,12,0
281,13,0
281,14,0
281,15,0
281,16,0
281,17,0
281,18,0
281,19,0
281,20,0
282,0,0
282,1,0
282,2,0
282,3,0
282,4,0
282,5,0
282,6,0
282,7,0
282,8,0
282,9,0
282,10,0
282,11,0
282,12,0
282,13,0
282,14,0
282,15,0
282,16,1
282,17,0
282,18,0
282,19,0
282,20,0
283,0,1
283,1,0
283,2,1
283,3,0
283,4,1
283,5,0
283,6,0
283,7,0
283,8,0
283,9,0
283,10,0
283,11,1
283,12,0
283,13,0
283,14,1
283,15,0
283,16,1
283,17,0
283,18,0
283,19,0
283,20,1
284,0,3
284,1,3
284,2,1
284,3,3
284,4,6
284,5,1
284,6,3
284,7,2
284,8,3
284,9,4
284,10,1
284,11,1
284,12,6
284,13,0
284,14,5
284,15,2
284,16,5
284,17,1
284,18,0
284,19,2
284,20,2
285,0,2
285,1,5
285,2,5
285,3,8
285,4,1
285,5,6
285,6,10
285,7,4
285,8,8
285,9,6
285,10,3
285,11,1
285,12,3
285,13,5
285,14,4
285,15,7
285,16,3
285,17,7
285,18,5
285,19,6
285,20,6
286,0,0
286,1,0
286,2,0
286,3,0
286,4,0
286,5,0
286,6,0
286,7,0
286,8,0
286,9,1
286,10,0
286,11,0
286,12,0
286,13,0
286,14,0
286,15,0
286,16,0
286,17,0
286,18,0
286,19,0
286,20,0
287,0,0
287,1,0
287,2,0
287,3,0
287,4,0
287,5,71
287,6,66
287,7,57
287,8,62
287,9,65
287,10,66
287,11,58
287,12,53
287,13,71
287,14,50
287,15,60
287,16,54
287,17,54
287,18,73
287,19,69
287,20,68
288,0,1
288,1,2
288,2,0
288,3,0
288,4,1
288,5,0
288,6,1
288,7,1
288,8,0
288,9,0
288,10,2
288,11,1
288,12,0
288,13,2
288,14,0
288,15,4
288,16,4
288,17,2
288,18,3
288,19,3
288,20,1
289,0,0
289,1,0
289,2,1
289,3,1
289,4,0
289,5,0
289,6,1
289,7,0
289,8,1
289,9,0
289,10,0
289,11,1
289,12,0
289,13,0
289,14,1
289,15,1
289,16,0
289,17,2
289,18,0
289,19,0
289,20,0
290,0,2
290,1,1
290,2,0
290,3,1
290,4,3
290,5,1
290,6,3
290,7,0
290,8,2
290,9,2
290,10,1
290,11,1
290,12,2
290,13,3
290,14,3
290,15,1
290,16,2
290,17,0
290,18,4
290,19,1
290,20,1
291,0,4
291,1,4
291,2,8
291,3,3
291,4,5
291,5,2
291,6,4
291,7,1
291,8,1
291,9,1
291,10,4
291,11,4
291,12,3
291,13,6
291,14,3
291,15,6
291,16,7
291,17,5
291,18,4
291,19,5
291,20,5
292,0,0
292,1,1
292,2,1
292,3,2
292,4,2
292,5,0
292,6,0
292,7,0
292,8,0
292,9,0
292,10,0
292,11,0
292,12,0
292,13,2
292,14,0
292,15,0
292,16,2
292,17,2
292,18,0
292,19,1
292,20,1
293,0,0
293,1,0
293,2,0
293,3,0
293,4,1
293,5,0
293,6,0
293,7,0
293,8,0
293,9,0
293,10,0
293,11,0
293,12,0
293,13,0
293,14,0
293,15,0
293,16,0
293,17,0
293,18,0
293,19,0
293,20,0
294,0,0
294,1,0
294,2,1
294,3,0
294,4,0
294,5,0
294,6,0
294,7,0
294,8,0
294,9,0
294,10,0
294,11,0
294,12,0
294,13,0
294,14,0
294,15,1
294,16,0
294,17,0
294,18,0
294,19,1
294,20,0
295,0,0
295,1,0
295,2,0
295,3,0
295,4,0
295,5,0
295,6,0
295,7,0
295,8,0
295,9,0
295,10,0
295,11,0
295,12,0
295,13,0
295,14,0
295,15,0
295,16,0
295,17,0
295,18,0
295,19,0
295,20,0
296,0,2
296,1,1
296,2,1
296,3,1
296,4,3
296,5,1
296,6,0
296,7,1
296,8,1
296,9,0
296,10,3
296,11,2
296,12,0
296,13,0
296,14,1
296,15,1
296,16,2
296,17,1
296,18,0
296,19,1
296,20,0
297,0,3
297,1,0
297,2,1
297,3,2
297,4,0
297,5,1
297,6,1
297,7,0
297,8,2
297,9,2
297,10,0
297,11,2
297,12,2
297,13,0
297,14,0
297,15,2
297,16,3
297,17,3
297,18,2
297,19,0
297,20,0
298,0,0
298,1,0
298,2,0
298,3,1
298,4,0
298,5,0
298,6,3
298,7,0
298,8,1
298,9,0
298,10,1
298,11,0
298,12,0
298,13,0
298,14,0
298,15,1
298,16,1
298,17,2
298,18,1
298,19,1
298,20,0
299,0,0
299,1,0
299,2,0
299,3,1
299,4,0
299,5,1
299,6,0
299,7,0
299,8,0
299,9,0
299,10,0
299,11,0
299,12,0
299,13,0
299,14,0
299,15,0
299,16,0
299,17,0
299,18,0
299,19,0
299,20,0
300,0,0
300,1,0
300,2,0
300,3,0
300,4,0
300,5,0
300,6,1
300,7,0
300,8,0
300,9,0
300,10,0
300,11,0
300,12,0
300,13,0
300,14,0
300,15,0
300,16,0
300,17,0
300,18,0
300,19,0
300,20,0
301,0,4
301,1,0
301,2,1
301,3,4
301,4,2
301,5,1
301,6,4
301,7,1
301,8,3
301,9,2
301,10,3
301,11,2
301,12,2
301,13,0
301,14,0
301,15,3
301,16,5
301,17,7
301,18,3
301,19,1
301,20,0
302,0,2
302,1,2
302,2,1
302,3,1
302,4,3
302,5,2
302,6,3
302,7,3
302,8,1
302,9,0
302,10,1
302,11,1
302,12,0
302,13,0
302,14,1
302,15,2
302,16,5
302,17,2
302,18,0
302,19,2
302,20,0
303,0,10
303,1,8
303,2,4
303,3,4
303,4,3
303,5,9
303,6,9
303,7,11
303,8,4
303,9,9
303,10,10
303,11,9
303,12,11
303,13,8
303,14,11
303,15,7
303,16,11
303,17,11
303,18,3
303,19,8
303,20,10
304,0,2
304,1,1
304,2,2
304,3,2
304,4,1
304,5,1
304,6,2
304,7,1
304,8,0
304,9,3
304,10,3
304,11,1
304,12,0
304,13,3
304,14,2
304,15,1
304,16,1
304,17,1
304,18,1
304,19,4
304,20,2
305,0,0
305,1,0
305,2,0
305,3,0
305,4,0
305,5,0
305,6,0
305,7,0
305,8,0
305,9,1
305,10,1
305,11,0
305,12,0
305,13,1
305,14,0
305,15,2
305,16,0
305,17,0
305,18,0
305,19,0
305,20,0
306,0,0
306,1,1
306,2,0
306,3,0
306,4,2
306,5,2
306,6,2
306,7,3
306,8,0
306,9,1
306,10,1
306,11,2
306,12,3
306,13,1
306,14,0
306,15,2
306,16,1
306,17,0
306,18,3
306,19,0
306,20,0
307,0,0
307,1,0
307,2,0
307,3,1
307,4,0
307,5,2
307,6,0
307,7,0
307,8,0
307,9,1
307,10,0
307,11,0
307,12,0
307,13,0
307,14,0
307,15,0
307,16,2
307,17,0
307,18,1
307,19,0
307,20,1
308,0,64
308,1,58
308,2,45
308,3,70
308,4,65
308,5,0
308,6,0
308,7,0
308,8,0
308,9,2
308,10,0
308,11,0
308,12,0
308,13,1
308,14,0
308,15,0
308,16,0
308,17,0
308,18,1
308,19,0
308,20,1
309,0,3
309,1,5
309,2,4
309,3,3
309,4,3
309,5,5
309,6,6
309,7,3
309,8,7
309,9,1
309,10,4
309,11,3
309,12,4
309,13,6
309,14,5
309,15,7
309,16,4
309,17,4
309,18,4
309,19,2
309,20,8
310,0,1
310,1,0
310,2,1
310,3,2
310,4,0
310,5,0
310,6,0
310,7,1
310,8,0
310,9,0
310,10,1
310,11,0
310,12,1
310,13,0
310,14,0
310,15,1
310,16,0
310,17,2
310,18,1
310,19,1
310,20,0
311,0,1
311,1,0
311,2,2
311,3,1
311,4,1
311,5,0
311,6,0
311,7,0
311,8,0
311,9,1
311,10,0
311,11,0
311,12,0
311,13,3
311,14,0
311,15,0
311,16,0
311,17,0
311,18,0
311,19,0
311,20,0
312,0,5
312,1,8
312,2,6
312,3,6
312,4,3
312,5,5
312,6,4
312,7,9
312,8,0
312,9,2
312,10,4
312,11,4
312,12,8
312,13,9
312,14,4
312,15,2
312,16,3
312,17,6
312,18,5
312,19,4
312,20,5
313,0,0
313,1,0
313,2,2
313,3,1
313,4,0
313,5,5
313,6,2
313,7,0
313,8,2
313,9,3
313,10,1
313,11,0
313,12,1
313,13,1
313,14,0
313,15,2
313,16,1
313,17,1
313,18,0
313,19,2
313,20,1
314,0,0
314,1,0
314,2,0
314,3,3
314,4,1
314,5,0
314,6,0
314,7,1
314,8,1
314,9,1
314,10,1
314,11,0
314,12,1
314,13,1
314,14,0
314,15,0
314,16,1
314,17,0
314,18,0
314,19,0
314,20,0
315,0,0
315,1,0
315,2,0
315,3,0
315,4,0
315,5,0
315,6,0
315,7,0
315,8,0
315,9,0
315,10,0
315,11,0
315,12,1
315,13,0
315,14,0
315,15,0
315,16,0
315,17,0
315,18,1
315,19,0
315,20,0
316,0,0
316,1,1
316,2,0
316,3,0
316,4,0
316,5,0
316,6,0
316,7,0
316,8,0
316,9,0
316,10,0
316,11,1
316,12,0
316,13,1
316,14,1
316,15,0
316,16,0
316,17,0
316,18,0
316,19,0
316,20,0
317,0,9
317,1,4
317,2,13
317,3,12
317,4,7
317,5,15
317,6,9
317,7,14
317,8,11
317,9,13
317,10,13
317,11,11
317,12,13
317,13,13
317,14,5
317,15,6
317,16,9
317,17,13
317,18,9
317,19,15
317,20,8
318,0,0
318,1,0
318,2,0
318,3,1
318,4,0
318,5,0
318,6,0
318,7,0
318,8,0
318,9,0
318,10,0
318,11,0
318,12,0
318,13,0
318,14,2
318,15,0
318,16,0
318,17,0
318,18,0
318,19,0
318,20,0
319,0,1
319,1,2
319,2,2
319,3,1
319,4,1
319,5,2
319,6,0
319,7,0
319,8,0
319,9,2
319,10,1
319,11,2
319,12,1
319,13,2
319,14,2
319,15,1
319,16,2
319,17,1
319,18,1
319,19,3
319,20,1
320,0,9
320,1,6
320,2,8
320,3,6
320,4,9
320,5,6
320,6,8
320,7,8
320,8,7
320,9,5
320,10,5
320,11,10
320,12,10
320,13,6
320,14,5
320,15,2
320,16,9
320,17,8
320,18,10
320,19,8
320,20,5
321,0,0
321,1,0
321,2,0
321,3,0
321,4,0
321,5,0
321,6,0
321,7,1
321,8,0
321,9,0
321,10,0
321,11,0
321,12,0
321,13,1
321,14,0
321,15,0
321,16,0
321,17,1
321,18,0
321,19,0
321,20,1
322,0,0
322,1,0
322,2,0
322,3,0
322,4,0
322,5,0
322,6,0
322,7,0
322,8,0
322,9,0
322,10,0
322,11,0
322,12,0
322,13,0
322,14,0
322,15,0
322,16,0
322,17,0
322,18,0
322,19,0
322,20,0
323,0,2
323,1,1
323,2,0
323,3,1
323,4,2
323,5,0
323,6,0
323,7,0
323,8,2
323,9,0
323,10,0
323,11,1
323,12,1
323,13,2
323,14,0
323,15,1
323,16,2
323,17,0
323,18,2
323,19,1
323,20,1
324,0,2
324,1,5
324,2,5
324,3,8
324,4,2
324,5,6
324,6,10
324,7,4
324,8,8
324,9,6
324,10,3
324,11,1
324,12,3
324,13,5
324,14,4
324,15,7
324,16,3
324,17,7
324,18,5
324,19,6
324,20,6
325,0,0
325,1,0
325,2,0
325,3,0
325,4,1
325,5,0
325,6,0
325,7,0
325,8,0
325,9,1
325,10,1
325,11,0
325,12,0
325,13,0
325,14,0
325,15,0
325,16,1
325,17,1
325,18,0
325,19,0
325,20,0
326,0,0
326,1,0
326,2,0
326,3,0
326,4,0
326,5,0
326,6,0
326,7,2
326,8,0
326,9,0
326,10,0
326,11,0
326,12,0
326,13,0
326,14,0
326,15,0
326,16,0
326,17,0
326,18,0
326,19,0
326,20,0
327,0,0
327,1,2
327,2,1
327,3,3
327,4,2
327,5,0
327,6,3
327,7,2
327,8,2
327,9,0
327,10,1
327,11,2
327,12,3
327,13,2
327,14,0
327,15,5
327,16,0
327,17,1
327,18,0
327,19,5
327,20,1
328,0,0
328,1,0
328,2,0
328,3,1
328,4,0
328,5,1
328,6,0
328,7,1
328,8,1
328,9,0
328,10,0
328,11,2
328,12,0
328,13,0
328,14,0
328,15,0
328,16,2
328,17,0
328,18,0
328,19,1
328,20,0
329,0,0
329,1,1
329,2,0
329,3,0
329,4,0
329,5,0
329,6,0
329,7,0
329,8,0
329,9,0
329,10,0
329,11,0
329,12,0
329,13,0
329,14,0
329,15,0
329,16,0
329,17,0
329,18,0
329,19,0
329,20,0
330,0,2
330,1,2
330,2,0
330,3,0
330,4,2
330,5,2
330,6,0
330,7,0
330,8,3
330,9,1
330,10,1
330,11,2
330,12,1
330,13,1
330,14,0
330,15,1
330,16,1
330,17,2
330,18,1
330,19,2
330,20,1
331,0,3
331,1,1
331,2,1
331,3,0
331,4,1
331,5,2
331,6,2
331,7,0
331,8,3
331,9,1
331,10,2
331,11,0
331,12,0
331,13,3
331,14,2
331,15,1
331,16,4
331,17,2
331,18,2
331,19,2
331,20,2
332,0,1
332,1,1
332,2,0
332,3,0
332,4,0
332,5,0
332,6,0
332,7,0
332,8,0
332,9,0
332,10,0
332,11,0
332,12,0
332,13,0
332,14,0
332,15,0
332,16,0
332,17,0
332,18,0
332,19,0
332,20,0
333,0,3
333,1,2
333,2,1
333,3,1
333,4,2
333,5,0
333,6,1
333,7,2
333,8,1
333,9,1
333,10,1
333,11,3
333,12,1
333,13,5
333,14,1
333,15,0
333,16,2
333,17,1
333,18,0
333,19,1
333,20,0
334,0,1
334,1,0
334,2,1
334,3,0
334,4,0
334,5,0
334,6,1
334,7,0
334,8,0
334,9,0
334,10,1
334,11,1
334,12,1
334,13,1
334,14,1
334,15,1
334,16,0
334,17,0
334,18,0
334,19,0
334,20,0
335,0,2
335,1,1
335,2,3
335,3,2
335,4,2
335,5,3
335,6,3
335,7,3
335,8,2
335,9,6
335,10,1
335,11,1
335,12,8
335,13,2
335,14,9
335,15,2
335,16,2
335,17,3
335,18,4
335,19,2
335,20,6
336,0,0
336,1,1
336,2,0
336,3,0
336,4,0
336,5,0
336,6,0
336,7,0
336,8,0
336,9,0
336,10,0
336,11,0
336,12,0
336,13,0
336,14,0
336,15,0
336,16,0
336,17,0
336,18,0
336,19,0
336,20,0
337,0,3
337,1,0
337,2,1
337,3,2
337,4,1
337,5,1
337,6,1
337,7,0
337,8,2
337,9,2
337,10,1
337,11,2
337,12,2
337,13,0
337,14,0
337,15,2
337,16,4
337,17,4
337,18,2
337,19,0
337,20,0
338,0,1
338,1,0
338,2,0
338,3,0
338,4,0
338,5,0
338,6,0
338,7,2
338,8,0
338,9,1
338,10,0
338,11,0
338,12,1
338,13,0
338,14,0
338,15,0
338,16,1
338,17,0
338,18,0
338,19,1
338,20,0
339,0,1
339,1,2
339,2,1
339,3,1
339,4,2
339,5,3
339,6,2
339,7,1
339,8,1
339,9,0
339,10,1
339,11,1
339,12,0
339,13,0
339,14,2
339,15,0
339,16,0
339,17,3
339,18,0
339,19,1
339,20,0
340,0,2
340,1,0
340,2,2
340,3,1
340,4,1
340,5,2
340,6,0
340,7,4
340,8,0
340,9,1
340,10,0
340,11,0
340,12,1
340,13,0
340,14,1
340,15,0
340,16,1
340,17,2
340,18,0
340,19,4
340,20,0
341,0,1
341,1,3
341,2,0
341,3,1
341,4,1
341,5,0
341,6,1
341,7,0
341,8,2
341,9,1
341,10,0
341,11,3
341,12,0
341,13,3
341,14,1
341,15,2
341,16,0
341,17,0
341,18,0
341,19,1
341,20,1
342,0,5
342,1,11
342,2,5
342,3,7
342,4,1
342,5,11
342,6,11
342,7,9
342,8,6
342,9,10
342,10,12
342,11,11
342,12,13
342,13,6
342,14,9
342,15,4
342,16,7
342,17,6
342,18,13
342,19,11
342,20,14
343,0,4
343,1,9
343,2,1
343,3,5
343,4,4
343,5,5
343,6,4
343,7,6
343,8,6
343,9,2
343,10,3
343,11,6
343,12,5
343,13,6
343,14,5
343,15,6
343,16,4
343,17,4
343,18,6
343,19,6
343,20,7
344,0,3
344,1,4
344,2,5
344,3,6
344,4,5
344,5,3
344,6,6
344,7,3
344,8,5
344,9,2
344,10,5
344,11,5
344,12,4
344,13,1
344,14,2
344,15,6
344,16,5
344,17,9
344,18,4
344,19,3
344,20,2
345,0,0
345,1,0
345,2,0
345,3,0
345,4,0
345,5,0
345,6,0
345,7,0
345,8,0
345,9,0
345,10,0
345,11,0
345,12,0
345,13,0
345,14,0
345,15,0
345,16,0
345,17,0
345,18,0
345,19,0
345,20,0
346,0,0
346,1,1
346,2,0
346,3,0
346,4,0
346,5,0
346,6,0
346,7,0
346,8,1
346,9,1
346,10,2
346,11,1
346,12,0
346,13,0
346,14,3
346,15,0
346,16,0
346,17,1
346,18,0
346,19,0
346,20,0
347,0,0
347,1,0
347,2,0
347,3,0
347,4,0
347,5,1
347,6,0
347,7,0
347,8,1
347,9,0
347,10,0
347,11,1
347,12,0
347,13,1
347,14,0
347,15,1
347,16,0
347,17,0
347,18,0
347,19,0
347,20,0
348,0,1
348,1,1
348,2,0
348,3,0
348,4,0
348,5,0
348,6,2
348,7,2
348,8,1
348,9,0
348,10,0
348,11,1
348,12,2
348,13,0
348,14,0
348,15,4
348,16,0
348,17,2
348,18,0
348,19,2
348,20,2
349,0,1
349,1,1
349,2,1
349,3,1
349,4,1
349,5,3
349,6,2
349,7,3
349,8,1
349,9,1
349,10,1
349,11,3
349,12,5
349,13,2
349,14,3
349,15,2
349,16,3
349,17,0
349,18,2
349,19,1
349,20,0
350,0,2
350,1,2
350,2,2
350,3,0
350,4,0
350,5,0
350,6,1
350,7,3
350,8,1
350,9,1
350,10,1
350,11,0
350,12,2
350,13,3
350,14,0
350,15,3
350,16,3
350,17,1
350,18,0
350,19,1
350,20,2
351,0,0
351,1,0
351,2,0
351,3,0
351,4,0
351,5,1
351,6,0
351,7,1
351,8,0
351,9,0
351,10,0
351,11,0
351,12,0
351,13,0
351,14,0
351,15,0
351,16,1
351,17,0
351,18,0
351,19,0
351,20,0
352,0,2
352,1,1
352,2,0
352,3,0
352,4,0
352,5,0
352,6,1
352,7,0
352,8,0
352,9,0
352,10,2
352,11,0
352,12,0
352,13,0
352,14,0
352,15,0
352,16,0
352,17,0
352,18,0
352,19,0
352,20,0
353,0,0
353,1,0
353,2,0
353,3,0
353,4,0
353,5,0
353,6,0
353,7,0
353,8,0
353,9,1
353,10,0
353,11,0
353,12,2
353,13,1
353,14,1
353,15,0
353,16,0
353,17,0
353,18,0
353,19,0
353,20,0
354,0,3
354,1,6
354,2,3
354,3,3
354,4,2
354,5,1
354,6,1
354,7,5
354,8,0
354,9,0
354,10,2
354,11,1
354,12,3
354,13,6
354,14,2
354,15,0
354,16,1
354,17,2
354,18,3
354,19,1
354,20,3
355,0,0
355,1,0
355,2,0
355,3,0
355,4,0
355,5,0
355,6,0
355,7,0
355,8,0
355,9,0
355,10,0
355,11,2
355,12,0
355,13,0
355,14,0
355,15,0
355,16,0
355,17,0
355,18,0
355,19,0
355,20,0
356,0,0
356,1,1
356,2,0
356,3,0
356,4,0
356,5,0
356,6,1
356,7,0
356,8,0
356,9,0
356,10,0
356,11,0
356,12,0
356,13,0
356,14,0
356,15,0
356,16,1
356,17,0
356,18,0
356,19,0
356,20,0
357,0,3
357,1,3
357,2,7
357,3,2
357,4,3
357,5,1
357,6,4
357,7,0
357,8,1
357,9,1
357,10,2
357,11,4
357,12,2
357,13,3
357,14,2
357,15,2
357,16,3
357,17,4
357,18,3
357,19,3
357,20,3
358,0,0
358,1,0
358,2,0
358,3,2
358,4,0
358,5,0
358,6,0
358,7,0
358,8,1
358,9,0
358,10,0
358,11,0
358,12,0
358,13,0
358,14,0
358,15,0
358,16,0
358,17,0
358,18,0
358,19,0
358,20,0
359,0,0
359,1,0
359,2,0
359,3,0
359,4,0
359,5,0
359,6,0
359,7,0
359,8,0
359,9,0
359,10,0
359,11,0
359,12,0
359,13,0
359,14,0
359,15,0
359,16,0
359,17,0
359,18,0
359,19,0
359,20,0
360,0,1
360,1,3
360,2,5
360,3,6
360,4,3
360,5,2
360,6,0
360,7,3
360,8,2
360,9,5
360,10,2
360,11,1
360,12,1
360,13,4
360,14,1
360,15,2
360,16,1
360,17,4
360,18,3
360,19,2
360,20,4
361,0,4
361,1,1
361,2,2
361,3,5
361,4,2
361,5,1
361,6,5
361,7,2
361,8,4
361,9,2
361,10,3
361,11,2
361,12,2
361,13,0
361,14,0
361,15,3
361,16,5
361,17,7
361,18,3
361,19,1
361,20,0
362,0,1
362,1,1
362,2,0
362,3,0
362,4,0
362,5,0
362,6,2
362,7,2
362,8,1
362,9,0
362,10,0
362,11,1
362,12,2
362,13,0
362,14,0
362,15,4
362,16,0
362,17,2
362,18,0
362,19,2
362,20,2
363,0,0
363,1,0
363,2,1
363,3,1
363,4,0
363,5,0
363,6,0
363,7,1
363,8,1
363,9,0
363,10,0
363,11,0
363,12,0
363,13,0
363,14,0
363,15,0
363,16,0
363,17,0
363,18,0
363,19,0
363,20,0
364,0,2
364,1,1
364,2,1
364,3,2
364,4,1
364,5,0
364,6,0
364,7,2
364,8,0
364,9,1
364,10,1
364,11,2
364,12,0
364,13,0
364,14,0
364,15,3
364,16,0
364,17,2
364,18,3
364,19,3
364,20,1
365,0,5
365,1,1
365,2,2
365,3,4
365,4,2
365,5,2
365,6,2
365,7,3
365,8,2
365,9,2
365,10,5
365,11,0
365,12,0
365,13,3
365,14,3
365,15,5
365,16,3
365,17,3
365,18,6
365,19,3
365,20,6
366,0,0
366,1,0
366,2,1
366,3,1
366,4,1
366,5,1
366,6,0
366,7,1
366,8,0
366,9,0
366,10,1
366,11,0
366,12,0
366,13,0
366,14,2
366,15,0
366,16,0
366,17,0
366,18,0
366,19,0
366,20,0
367,0,0
367,1,0
367,2,0
367,3,0
367,4,1
367,5,0
367,6,1
367,7,1
367,8,0
367,9,0
367,10,0
367,11,0
367,12,0
367,13,0
367,14,0
367,15,0
367,16,0
367,17,1
367,18,0
367,19,0
367,20,0
368,0,0
368,1,0
368,2,1
368,3,0
368,4,0
368,5,0
368,6,0
368,7,1
368,8,0
368,9,0
368,10,0
368,11,1
368,12,1
368,13,0
368,14,0
368,15,0
368,16,1
368,17,1
368,18,0
368,19,0
368,20,0
369,0,0
369,1,0
369,2,0
369,3,0
369,4,0
369,5,0
369,6,0
369,7,2
369,8,0
369,9,0
369,10,0
369,11,1
369,12,0
369,13,0
369,14,0
369,15,1
369,16,0
369,17,0
369,18,0
369,19,0
369,20,0
370,0,1
370,1,2
370,2,7
370,3,3
370,4,4
370,5,0
370,6,3
370,7,3
370,8,2
370,9,5
370,10,5
370,11,6
370,12,3
370,13,2
370,14,6
370,15,3
370,16,3
370,17,3
370,18,2
370,19,1
370,20,3
371,0,0
371,1,0
371,2,0
371,3,0
371,4,0
371,5,0
371,6,0
371,7,0
371,8,0
371,9,0
371,10,0
371,11,0
371,12,0
371,13,0
371,14,0
371,15,0
371,16,0
371,17,0
371,18,0
371,19,0
371,20,0
372,0,1
372,1,0
372,2,1
372,3,0
372,4,0
372,5,0
372,6,1
372,7,0
372,8,0
372,9,0
372,10,0
372,11,0
372,12,0
372,13,0
372,14,0
372,15,1
372,16,0
372,17,0
372,18,1
372,19,0
372,20,0
373,0,0
373,1,0
373,2,0
373,3,0
373,4,0
373,5,0
373,6,0
373,7,0
373,8,0
373,9,0
373,10,0
373,11,0
373,12,0
373,13,1
373,14,0
373,15,0
373,16,0
373,17,0
373,18,0
373,19,0
373,20,0
374,0,1
374,1,2
374,2,1
374,3,1
374,4,0
374,5,0
374,6,2
374,7,2
374,8,2
374,9,0
374,10,0
374,11,3
374,12,3
374,13,1
374,14,0
374,15,4
374,16,1
374,17,1
374,18,1
374,19,3
374,20,3
375,0,1
375,1,4
375,2,3
375,3,4
375,4,3
375,5,3
375,6,1
375,7,1
375,8,4
375,9,4
375,10,2
375,11,1
375,12,2
375,13,3
375,14,2
375,15,3
375,16,5
375,17,4
375,18,2
375,19,1
375,20,3
376,0,1
376,1,1
376,2,1
376,3,0
376,4,2
376,5,1
376,6,2
376,7,0
376,8,2
376,9,5
376,10,3
376,11,3
376,12,4
376,13,0
376,14,3
376,15,1
376,16,1
376,17,4
376,18,2
376,19,2
376,20,2
377,0,4
377,1,5
377,2,6
377,3,9
377,4,2
377,5,7
377,6,10
377,7,4
377,8,8
377,9,6
377,10,4
377,11,2
377,12,6
377,13,7
377,14,6
377,15,7
377,16,4
377,17,8
377,18,5
377,19,6
377,20,6
378,0,0
378,1,0
378,2,0
378,3,0
378,4,0
378,5,1
378,6,0
378,7,0
378,8,1
378,9,0
378,10,0
378,11,1
378,12,0
378,13,1
378,14,0
378,15,1
378,16,0
378,17,0
378,18,0
378,19,0
378,20,0
379,0,0
379,1,1
379,2,0
379,3,0
379,4,0
379,5,0
379,6,0
379,7,1
379,8,0
379,9,0
379,10,1
379,11,0
379,12,1
379,13,1
379,14,0
379,15,0
379,16,1
379,17,0
379,18,0
379,19,0
379,20,0
380,0,0
380,1,1
380,2,1
380,3,1
380,4,1
380,5,0
380,6,0
380,7,0
380,8,0
380,9,0
380,10,0
380,11,0
380,12,0
380,13,2
380,14,0
380,15,0
380,16,2
380,17,2
380,18,0
380,19,1
380,20,1
381,0,2
381,1,1
381,2,1
381,3,1
381,4,2
381,5,2
381,6,1
381,7,3
381,8,1
381,9,0
381,10,0
381,11,1
381,12,0
381,13,0
381,14,1
381,15,2
381,16,4
381,17,2
381,18,0
381,19,2
381,20,0
382,0,1
382,1,1
382,2,1
382,3,0
382,4,1
382,5,1
382,6,2
382,7,2
382,8,1
382,9,0
382,10,2
382,11,3
382,12,2
382,13,4
382,14,1
382,15,2
382,16,3
382,17,2
382,18,4
382,19,1
382,20,1
383,0,4
383,1,0
383,2,2
383,3,5
383,4,2
383,5,1
383,6,4
383,7,2
383,8,4
383,9,2
383,10,3
383,11,2
383,12,2
383,13,0
383,14,0
383,15,3
383,16,5
383,17,7
383,18,3
383,19,1
383,20,0
384,0,1
384,1,1
384,2,1
384,3,2
384,4,0
384,5,0
384,6,1
384,7,1
384,8,1
384,9,2
384,10,1
384,11,2
384,12,2
384,13,3
384,14,1
384,15,1
384,16,1
384,17,0
384,18,1
384,19,0
384,20,1
385,0,0
385,1,0
385,2,1
385,3,0
385,4,0
385,5,0
385,6,0
385,7,0
385,8,1
385,9,0
385,10,0
385,11,0
385,12,0
385,13,0
385,14,0
385,15,0
385,16,0
385,17,0
385,18,0
385,19,0
385,20,1
386,0,2
386,1,1
386,2,1
386,3,4
386,4,1
386,5,2
386,6,0
386,7,1
386,8,3
386,9,1
386,10,1
386,11,2
386,12,1
386,13,2
386,14,0
386,15,0
386,16,4
386,17,2
386,18,1
386,19,1
386,20,1
387,0,1
387,1,0
387,2,0
387,3,0
387,4,0
387,5,0
387,6,0
387,7,0
387,8,0
387,9,0
387,10,0
387,11,0
387,12,0
387,13,1
387,14,0
387,15,1
387,16,0
387,17,0
387,18,0
387,19,0
387,20,0
388,0,1
388,1,2
388,2,0
388,3,1
388,4,1
388,5,6
388,6,3
388,7,0
388,8,0
388,9,1
388,10,2
388,11,3
388,12,7
388,13,3
388,14,0
388,15,3
388,16,2
388,17,0
388,18,3
388,19,1
388,20,4
389,0,1
389,1,0
389,2,0
389,3,0
389,4,0
389,5,0
389,6,0
389,7,0
389,8,0
389,9,0
389,10,0
389,11,0
389,12,0
389,13,0
389,14,0
389,15,0
389,16,0
389,17,0
389,18,0
389,19,0
389,20,0
390,0,2
390,1,1
390,2,0
390,3,1
390,4,2
390,5,0
390,6,0
390,7,0
390,8,2
390,9,0
390,10,0
390,11,1
390,12,1
390,13,2
390,14,0
390,15,1
390,16,2
390,17,0
390,18,2
390,19,1
390,20,1
391,0,13
391,1,14
391,2,6
391,3,5
391,4,7
391,5,12
391,6,14
391,7,10
391,8,8
391,9,6
391,10,9
391,11,15
391,12,22
391,13,11
391,14,5
391,15,7
391,16,13
391,17,5
391,18,13
391,19,8
391,20,8
392,0,0
392,1,0
392,2,0
392,3,0
392,4,0
392,5,0
392,6,0
392,7,1
392,8,0
392,9,0
392,10,0
392,11,0
392,12,0
392,13,0
392,14,0
392,15,0
392,16,0
392,17,0
392,18,0
392,19,0
392,20,1
393,0,3
393,1,6
393,2,2
393,3,1
393,4,3
393,5,7
393,6,8
393,7,3
393,8,4
393,9,0
393,10,6
393,11,7
393,12,12
393,13,8
393,14,1
393,15,6
393,16,6
393,17,4
393,18,6
393,19,3
393,20,4
394,0,1
394,1,1
394,2,0
394,3,1
394,4,0
394,5,0
394,6,0
394,7,0
394,8,1
394,9,0
394,10,0
394,11,0
394,12,3
394,13,0
394,14,0
394,15,4
394,16,0
394,17,0
394,18,0
394,19,1
394,20,0
395,0,0
395,1,0
395,2,0
395,3,0
395,4,0
395,5,0
395,6,0
395,7,0
395,8,0
395,9,1
395,10,0
395,11,0
395,12,0
395,13,0
395,14,0
395,15,0
395,16,0
395,17,0
395,18,0
395,19,0
395,20,0
396,0,0
396,1,3
396,2,6
396,3,5
396,4,2
396,5,1
396,6,0
396,7,0
396,8,2
396,9,2
396,10,2
396,11,1
396,12,1
396,13,4
396,14,1
396,15,2
396,16,2
396,17,3
396,18,2
396,19,1
396,20,4
397,0,2
397,1,1
397,2,2
397,3,2
397,4,4
397,5,4
397,6,2
397,7,3
397,8,0
397,9,3
397,10,5
397,11,4
397,12,1
397,13,5
397,14,2
397,15,2
397,16,3
397,17,5
397,18,3
397,19,5
397,20,4
398,0,0
398,1,1
398,2,0
398,3,0
398,4,0
398,5,0
398,6,1
398,7,2
398,8,0
398,9,0
398,10,0
398,11,2
398,12,3
398,13,1
398,14,0
398,15,2
398,16,0
398,17,0
398,18,0
398,19,4
398,20,1
399,0,0
399,1,0
399,2,0
399,3,1
399,4,0
399,5,1
399,6,1
399,7,2
399,8,0
399,9,1
399,10,0
399,11,0
399,12,0
399,13,2
399,14,0
399,15,0
399,16,0
399,17,1
399,18,0
399,19,0
399,20,0
400,0,3
400,1,2
400,2,8
400,3,2
400,4,3
400,5,2
400,6,3
400,7,0
400,8,1
400,9,1
400,10,2
400,11,4
400,12,2
400,13,4
400,14,3
400,15,3
400,16,3
400,17,4
400,18,2
400,19,3
400,20,3
401,0,0
401,1,0
401,2,0
401,3,0
401,4,0
401,5,0
401,6,0
401,7,0
401,8,0
401,9,0
401,10,0
401,11,2
401,12,0
401,13,0
401,14,0
401,15,0
401,16,0
401,17,0
401,18,0
401,19,0
401,20,0
402,0,1
402,1,3
402,2,5
402,3,2
402,4,3
402,5,1
402,6,2
402,7,2
402,8,0
402,9,6
402,10,3
402,11,2
402,12,2
402,13,0
402,14,2
402,15,2
402,16,1
402,17,2
402,18,3
402,19,1
402,20,1
403,0,0
403,1,0
403,2,2
403,3,2
403,4,0
403,5,1
403,6,1
403,7,0
403,8,0
403,9,0
403,10,0
403,11,1
403,12,0
403,13,0
403,14,0
403,15,0
403,16,0
403,17,0
403,18,5
403,19,0
403,20,0
404,0,0
404,1,0
404,2,0
404,3,0
404,4,0
404,5,0
404,6,0
404,7,0
404,8,0
404,9,0
404,10,0
404,11,0
404,12,0
404,13,0
404,14,0
404,15,0
404,16,1
404,17,0
404,18,0
404,19,0
404,20,0
405,0,1
405,1,2
405,2,7
405,3,3
405,4,4
405,5,0
405,6,3
405,7,3
405,8,2
405,9,6
405,10,5
405,11,6
405,12,3
405,13,2
405,14,6
405,15,3
405,16,3
405,17,3
405,18,2
405,19,1
405,20,3
406,0,3
406,1,2
406,2,2
406,3,2
406,4,2
406,5,1
406,6,3
406,7,1
406,8,5
406,9,1
406,10,2
406,11,6
406,12,1
406,13,1
406,14,5
406,15,1
406,16,0
406,17,0
406,18,2
406,19,3
406,20,4
407,0,0
407,1,0
407,2,0
407,3,0
407,4,0
407,5,0
407,6,0
407,7,0
407,8,0
407,9,1
407,10,0
407,11,0
407,12,0
407,13,0
407,14,0
407,15,0
407,16,0
407,17,0
407,18,0
407,19,0
407,20,0
408,0,1
408,1,0
408,2,0
408,3,1
408,4,2
408,5,0
408,6,2
408,7,1
408,8,0
408,9,0
408,10,0
408,11,1
408,12,0
408,13,0
408,14,0
408,15,0
408,16,1
408,17,1
408,18,2
408,19,0
408,20,0
409,0,0
409,1,1
409,2,1
409,3,1
409,4,1
409,5,0
409,6,0
409,7,0
409,8,0
409,9,0
409,10,0
409,11,0
409,12,0
409,13,2
409,14,0
409,15,0
409,16,2
409,17,2
409,18,0
409,19,1
409,20,1
410,0,5
410,1,8
410,2,6
410,3,5
410,4,3
410,5,5
410,6,3
410,7,7
410,8,0
410,9,1
410,10,4
410,11,3
410,12,8
410,13,9
410,14,4
410,15,2
410,16,3
410,17,6
410,18,5
410,19,3
410,20,4
411,0,0
411,1,0
411,2,0
411,3,1
411,4,0
411,5,0
411,6,0
411,7,0
411,8,1
411,9,0
411,10,0
411,11,0
411,12,0
411,13,0
411,14,0
411,15,0
411,16,0
411,17,0
411,18,0
411,19,0
411,20,0
412,0,0
412,1,0
412,2,0
412,3,0
412,4,0
412,5,0
412,6,0
412,7,0
412,8,0
412,9,0
412,10,0
412,11,0
412,12,2
412,13,0
412,14,0
412,15,0
412,16,0
412,17,0
412,18,0
412,19,0
412,20,0
413,0,1
413,1,0
413,2,0
413,3,0
413,4,0
413,5,0
413,6,0
413,7,0
413,8,0
413,9,0
413,10,1
413,11,0
413,12,0
413,13,0
413,14,0
413,15,0
413,16,0
413,17,0
413,18,1
413,19,2
413,20,0
414,0,4
414,1,0
414,2,1
414,3,5
414,4,2
414,5,1
414,6,4
414,7,1
414,8,3
414,9,2
414,10,3
414,11,2
414,12,2
414,13,0
414,14,0
414,15,3
414,16,5
414,17,7
414,18,3
414,19,1
414,20,0
415,0,0
415,1,0
415,2,1
415,3,0
415,4,0
415,5,0
415,6,0
415,7,0
415,8,1
415,9,0
415,10,0
415,11,0
415,12,0
415,13,0
415,14,0
415,15,0
415,16,2
415,17,1
415,18,1
415,19,1
415,20,0
416,0,2
416,1,4
416,2,4
416,3,8
416,4,1
416,5,5
416,6,8
416,7,2
416,8,8
416,9,5
416,10,2
416,11,1
416,12,2
416,13,4
416,14,4
416,15,6
416,16,2
416,17,4
416,18,3
416,19,4
416,20,5
417,0,0
417,1,0
417,2,0
417,3,0
417,4,0
417,5,1
417,6,0
417,7,0
417,8,1
417,9,0
417,10,0
417,11,0
417,12,0
417,13,1
417,14,0
417,15,1
417,16,0
417,17,0
417,18,0
417,19,0
417,20,0
418,0,0
418,1,0
418,2,0
418,3,0
418,4,1
418,5,0
418,6,0
418,7,0
418,8,0
418,9,1
418,10,0
418,11,0
418,12,0
418,13,1
418,14,0
418,15,0
418,16,1
418,17,0
418,18,0
418,19,0
418,20,0
419,0,0
419,1,0
419,2,0
419,3,0
419,4,0
419,5,0
419,6,0
419,7,0
419,8,0
419,9,0
419,10,1
419,11,0
419,12,0
419,13,0
419,14,1
419,15,0
419,16,0
419,17,0
419,18,1
419,19,0
419,20,0
420,0,3
420,1,1
420,2,3
420,3,2
420,4,3
420,5,0
420,6,2
420,7,4
420,8,0
420,9,2
420,10,2
420,11,2
420,12,1
420,13,2
420,14,1
420,15,2
420,16,3
420,17,1
420,18,4
420,19,4
420,20,3
421,0,1
421,1,0
421,2,1
421,3,1
421,4,0
421,5,0
421,6,0
421,7,1
421,8,0
421,9,0
421,10,0
421,11,0
421,12,1
421,13,0
421,14,0
421,15,0
421,16,1
421,17,0
421,18,0
421,19,0
421,20,0
422,0,4
422,1,1
422,2,2
422,3,2
422,4,0
422,5,3
422,6,1
422,7,0
422,8,3
422,9,2
422,10,0
422,11,1
422,12,1
422,13,3
422,14,1
422,15,1
422,16,1
422,17,2
422,18,3
422,19,2
422,20,3
423,0,0
423,1,2
423,2,3
423,3,1
423,4,0
423,5,2
423,6,3
423,7,2
423,8,3
423,9,0
423,10,2
423,11,1
423,12,3
423,13,0
423,14,0
423,15,4
423,16,0
423,17,1
423,18,0
423,19,2
423,20,0
424,0,0
424,1,1
424,2,1
424,3,0
424,4,0
424,5,2
424,6,0
424,7,0
424,8,0
424,9,0
424,10,0
424,11,1
424,12,1
424,13,1
424,14,0
424,15,1
424,16,0
424,17,0
424,18,0
424,19,0
424,20,0
425,0,1
425,1,0
425,2,1
425,3,4
425,4,1
425,5,2
425,6,3
425,7,1
425,8,1
425,9,0
425,10,3
425,11,3
425,12,0
425,13,4
425,14,2
425,15,1
425,16,0
425,17,1
425,18,2
425,19,1
425,20,0
426,0,1
426,1,0
426,2,2
426,3,2
426,4,1
426,5,1
426,6,0
426,7,1
426,8,1
426,9,1
426,10,0
426,11,2
426,12,0
426,13,3
426,14,0
426,15,0
426,16,2
426,17,0
426,18,0
426,19,1
426,20,0
427,0,1
427,1,3
427,2,5
427,3,3
427,4,2
427,5,7
427,6,3
427,7,1
427,8,2
427,9,9
427,10,5
427,11,1
427,12,2
427,13,3
427,14,3
427,15,2
427,16,2
427,17,3
427,18,1
427,19,2
427,20,3
428,0,0
428,1,0
428,2,0
428,3,1
428,4,1
428,5,1
428,6,0
428,7,1
428,8,0
428,9,0
428,10,0
428,11,0
428,12,1
428,13,0
428,14,0
428,15,0
428,16,0
428,17,0
428,18,1
428,19,0
428,20,0
429,0,1
429,1,3
429,2,5
429,3,6
429,4,3
429,5,2
429,6,0
429,7,3
429,8,2
429,9,5
429,10,2
429,11,1
429,12,1
429,13,4
429,14,1
429,15,2
429,16,1
429,17,4
429,18,3
429,19,2
429,20,4
430,0,0
430,1,0
430,2,0
430,3,0
430,4,0
430,5,0
430,6,0
430,7,1
430,8,0
430,9,0
430,10,0
430,11,0
430,12,0
430,13,0
430,14,0
430,15,0
430,16,0
430,17,0
430,18,1
430,19,1
430,20,0
431,0,0
431,1,0
431,2,0
431,3,0
431,4,0
431,5,0
431,6,1
431,7,0
431,8,1
431,9,0
431,10,0
431,11,0
431,12,0
431,13,0
431,14,0
431,15,0
431,16,0
431,17,0
431,18,0
431,19,0
431,20,0
432,0,1
432,1,3
432,2,1
432,3,3
432,4,5
432,5,3
432,6,2
432,7,5
432,8,0
432,9,0
432,10,0
432,11,1
432,12,0
432,13,1
432,14,2
432,15,0
432,16,0
432,17,2
432,18,0
432,19,0
432,20,2
433,0,0
433,1,2
433,2,1
433,3,1
433,4,1
433,5,2
433,6,2
433,7,4
433,8,0
433,9,3
433,10,3
433,11,4
433,12,1
433,13,1
433,14,0
433,15,0
433,16,2
433,17,2
433,18,0
433,19,1
433,20,1
434,0,5
434,1,8
434,2,3
434,3,6
434,4,3
434,5,2
434,6,7
434,7,8
434,8,2
434,9,3
434,10,2
434,11,3
434,12,5
434,13,4
434,14,1
434,15,3
434,16,2
434,17,4
434,18,0
434,19,8
434,20,7
435,0,1
435,1,1
435,2,1
435,3,3
435,4,1
435,5,0
435,6,2
435,7,0
435,8,0
435,9,3
435,10,0
435,11,0
435,12,0
435,13,3
435,14,2
435,15,2
435,16,0
435,17,1
435,18,1
435,19,0
435,20,0
436,0,1
436,1,0
436,2,0
436,3,0
436,4,0
436,5,0
436,6,1
436,7,0
436,8,0
436,9,0
436,10,0
436,11,0
436,12,0
436,13,0
436,14,1
436,15,0
436,16,0
436,17,0
436,18,0
436,19,0
436,20,0
437,0,1
437,1,0
437,2,1
437,3,1
437,4,0
437,5,0
437,6,1
437,7,0
437,8,0
437,9,0
437,10,1
437,11,1
437,12,1
437,13,1
437,14,1
437,15,1
437,16,0
437,17,0
437,18,0
437,19,0
437,20,0
438,0,0
438,1,0
438,2,3
438,3,1
438,4,0
438,5,0
438,6,0
438,7,2
438,8,0
438,9,0
438,10,0
438,11,0
438,12,4
438,13,0
438,14,0
438,15,0
438,16,0
438,17,1
438,18,1
438,19,1
438,20,0
439,0,0
439,1,0
439,2,0
439,3,0
439,4,0
439,5,0
439,6,0
439,7,1
439,8,0
439,9,0
439,10,1
439,11,0
439,12,1
439,13,0
439,14,0
439,15,0
439,16,1
439,17,0
439,18,2
439,19,0
439,20,0
440,0,0
440,1,1
440,2,0
440,3,1
440,4,0
440,5,0
440,6,1
440,7,0
440,8,2
440,9,0
440,10,0
440,11,1
440,12,1
440,13,0
440,14,1
440,15,1
440,16,0
440,17,0
440,18,2
440,19,0
440,20,0
441,0,0
441,1,0
441,2,0
441,3,0
441,4,0
441,5,2
441,6,0
441,7,1
441,8,0
441,9,0
441,10,0
441,11,0
441,12,0
441,13,1
441,14,0
441,15,1
441,16,0
441,17,0
441,18,2
441,19,1
441,20,0
442,0,4
442,1,2
442,2,2
442,3,4
442,4,3
442,5,0
442,6,2
442,7,1
442,8,0
442,9,2
442,10,3
442,11,1
442,12,3
442,13,3
442,14,1
442,15,0
442,16,3
442,17,4
442,18,3
442,19,2
442,20,1
443,0,0
443,1,2
443,2,2
443,3,1
443,4,1
443,5,1
443,6,2
443,7,0
443,8,1
443,9,1
443,10,0
443,11,2
443,12,3
443,13,1
443,14,0
443,15,1
443,16,3
443,17,1
443,18,1
443,19,1
443,20,2
444,0,1
444,1,3
444,2,3
444,3,1
444,4,0
444,5,2
444,6,2
444,7,1
444,8,4
444,9,0
444,10,2
444,11,2
444,12,3
444,13,3
444,14,4
444,15,3
444,16,2
444,17,3
444,18,1
444,19,1
444,20,3
445,0,1
445,1,3
445,2,2
445,3,0
445,4,5
445,5,1
445,6,1
445,7,4
445,8,0
445,9,2
445,10,4
445,11,4
445,12,3
445,13,2
445,14,1
445,15,1
445,16,1
445,17,1
445,18,0
445,19,3
445,20,1
446,0,0
446,1,0
446,2,0
446,3,0
446,4,0
446,5,0
446,6,0
446,7,0
446,8,0
446,9,0
446,10,0
446,11,0
446,12,0
446,13,0
446,14,0
446,15,0
446,16,0
446,17,0
446,18,0
446,19,0
446,20,0
447,0,1
447,1,3
447,2,4
447,3,5
447,4,2
447,5,1
447,6,0
447,7,3
447,8,2
447,9,4
447,10,2
447,11,1
447,12,1
447,13,4
447,14,1
447,15,1
447,16,1
447,17,3
447,18,3
447,19,1
447,20,4
448,0,2
448,1,1
448,2,0
448,3,1
448,4,2
448,5,0
448,6,0
448,7,0
448,8,2
448,9,0
448,10,0
448,11,1
448,12,1
448,13,2
448,14,0
448,15,1
448,16,2
448,17,0
448,18,2
448,19,1
448,20,1
449,0,0
449,1,0
449,2,0
449,3,0
449,4,0
449,5,0
449,6,0
449,7,0
449,8,0
449,9,0
449,10,0
449,11,0
449,12,0
449,13,0
449,14,0
449,15,0
449,16,0
449,17,0
449,18,0
449,19,0
449,20,0
450,0,0
450,1,0
450,2,0
450,3,0
450,4,3
450,5,3
450,6,1
450,7,2
450,8,0
450,9,0
450,10,2
450,11,3
450,12,1
450,13,2
450,14,0
450,15,1
450,16,2
450,17,4
450,18,2
450,19,2
450,20,2
451,0,2
451,1,1
451,2,0
451,3,2
451,4,1
451,5,0
451,6,1
451,7,1
451,8,2
451,9,0
451,10,0
451,11,0
451,12,3
451,13,2
451,14,1
451,15,0
451,16,2
451,17,4
451,18,2
451,19,0
451,20,2
452,0,0
452,1,0
452,2,0
452,3,0
452,4,0
452,5,0
452,6,0
452,7,1
452,8,0
452,9,0
452,10,0
452,11,0
452,12,0
452,13,0
452,14,0
452,15,0
452,16,0
452,17,0
452,18,0
452,19,0
452,20,0
453,0,2
453,1,0
453,2,1
453,3,2
453,4,0
453,5,1
453,6,0
453,7,0
453,8,0
453,9,0
453,10,1
453,11,1
453,12,3
453,13,2
453,14,2
453,15,0
453,16,1
453,17,1
453,18,0
453,19,0
453,20,0
454,0,0
454,1,0
454,2,0
454,3,0
454,4,0
454,5,0
454,6,0
454,7,0
454,8,0
454,9,0
454,10,0
454,11,0
454,12,0
454,13,0
454,14,0
454,15,0
454,16,0
454,17,0
454,18,0
454,19,0
454,20,0
455,0,0
455,1,0
455,2,0
455,3,0
455,4,0
455,5,0
455,6,0
455,7,0
455,8,0
455,9,0
455,10,0
455,11,0
455,12,0
455,13,0
455,14,0
455,15,0
455,16,0
455,17,0
455,18,0
455,19,0
455,20,0